ISO-10303-21;
HEADER;
/*Generated by software containing ST-Developer
 * from STEP Tools, Inc. (www.steptools.com) 
 */
/*OPTION: using custom renumber hook */
/*description */
/*implementation_level */
FILE_DESCRIPTION(('STEP AP242 Edition 2','STEP AP242 Edition 2''CAx-IF Rec.Pracs.---Representation and Presentation of Product Manufa
cturing Information (PMI)---4.0---2014-10-13','STEP AP242 Edition 2''CAx-IF Rec.Pracs.---Representation and Presentation of Product Manufa
cturing Information (PMI)---4.0---2014-10-13''CAx-IF Rec.Pracs.---3D Tessellated Geometry---0.4---2014-09-14','STEP AP242 Edition 2''CAx-IF Rec.Pracs.---Representation and Presentation of Product Manufa
cturing Information (PMI)---4.0---2014-10-13''CAx-IF Rec.Pracs.---3D Tessellated Geometry---0.4---2014-09-14''2;1','STEP AP242 Edition 2''CAx-IF Rec.Pracs.---Representation and Presentation of Product Manufa
cturing Information (PMI)---4.0---2014-10-13''CAx-IF Rec.Pracs.---3D Tessellated Geometry---0.4---2014-09-14''2;1''CAx-IF Rec.Pracs.---User Defined Attributes---1.5---2016-08-15'),'2;1');
/*name */
/*time_stamp */
/*author */
/*organization */
/*preprocessor_version */
/*originating_system */
/*authorisation */
FILE_NAME('/vol/tmp/translate-1790123723229719885/Part Studio 1.step','2026-03-04T01:36:57',(''),(''),'ST-DEVELOPER v20','ONSHAPE BY PTC INC, 1.211','  ');
FILE_SCHEMA(('AP242_MANAGED_MODEL_BASED_3D_ENGINEERING_MIM_LF { 1 0 10303 442 3 1 4 }'));
ENDSEC;
DATA;
#10=SHAPE_REPRESENTATION_RELATIONSHIP('','',#3098,#12);
#11=SHAPE_REPRESENTATION_RELATIONSHIP('','',#3099,#13);
#12=ADVANCED_BREP_SHAPE_REPRESENTATION('',(#3094),#4934);
#13=ADVANCED_BREP_SHAPE_REPRESENTATION('',(#3095),#4935);
#14=CYLINDRICAL_SURFACE('',#3130,0.0017);
#15=CYLINDRICAL_SURFACE('',#3131,0.0017);
#16=CYLINDRICAL_SURFACE('',#3132,0.0017);
#17=CYLINDRICAL_SURFACE('',#3133,0.0017);
#18=CYLINDRICAL_SURFACE('',#3186,0.006);
#19=CYLINDRICAL_SURFACE('',#3187,0.006);
#20=CYLINDRICAL_SURFACE('',#3188,0.006);
#21=CYLINDRICAL_SURFACE('',#3189,0.006);
#22=CYLINDRICAL_SURFACE('',#3200,0.0015);
#23=CYLINDRICAL_SURFACE('',#3203,0.0015);
#24=CYLINDRICAL_SURFACE('',#3217,0.0017);
#25=CYLINDRICAL_SURFACE('',#3219,0.0017);
#26=CYLINDRICAL_SURFACE('',#3221,0.0017);
#27=CYLINDRICAL_SURFACE('',#3223,0.0017);
#28=CYLINDRICAL_SURFACE('',#3243,0.004);
#29=CYLINDRICAL_SURFACE('',#3246,0.004);
#30=CYLINDRICAL_SURFACE('',#3249,0.004);
#31=CYLINDRICAL_SURFACE('',#3252,0.004);
#32=CYLINDRICAL_SURFACE('',#3295,0.006);
#33=CYLINDRICAL_SURFACE('',#3296,0.006);
#34=CYLINDRICAL_SURFACE('',#3297,0.006);
#35=CYLINDRICAL_SURFACE('',#3298,0.006);
#36=CIRCLE('',#3103,0.0017);
#37=CIRCLE('',#3104,0.0017);
#38=CIRCLE('',#3105,0.0017);
#39=CIRCLE('',#3106,0.0017);
#40=CIRCLE('',#3107,0.006);
#41=CIRCLE('',#3108,0.006);
#42=CIRCLE('',#3109,0.006);
#43=CIRCLE('',#3110,0.006);
#44=CIRCLE('',#3116,0.0017);
#45=CIRCLE('',#3117,0.0017);
#46=CIRCLE('',#3118,0.0017);
#47=CIRCLE('',#3119,0.0017);
#48=CIRCLE('',#3120,0.006);
#49=CIRCLE('',#3121,0.006);
#50=CIRCLE('',#3122,0.006);
#51=CIRCLE('',#3123,0.006);
#52=CIRCLE('',#3201,0.0015);
#53=CIRCLE('',#3202,0.0015);
#54=CIRCLE('',#3204,0.0015);
#55=CIRCLE('',#3205,0.0015);
#56=CIRCLE('',#3207,0.0017);
#57=CIRCLE('',#3208,0.0017);
#58=CIRCLE('',#3209,0.0017);
#59=CIRCLE('',#3210,0.0017);
#60=CIRCLE('',#3211,0.006);
#61=CIRCLE('',#3212,0.006);
#62=CIRCLE('',#3213,0.006);
#63=CIRCLE('',#3214,0.006);
#64=CIRCLE('',#3218,0.0017);
#65=CIRCLE('',#3220,0.0017);
#66=CIRCLE('',#3222,0.0017);
#67=CIRCLE('',#3224,0.0017);
#68=CIRCLE('',#3226,0.004);
#69=CIRCLE('',#3227,0.004);
#70=CIRCLE('',#3228,0.004);
#71=CIRCLE('',#3229,0.004);
#72=CIRCLE('',#3230,0.006);
#73=CIRCLE('',#3231,0.006);
#74=CIRCLE('',#3232,0.006);
#75=CIRCLE('',#3233,0.006);
#76=CIRCLE('',#3242,0.004);
#77=CIRCLE('',#3245,0.004);
#78=CIRCLE('',#3248,0.004);
#79=CIRCLE('',#3251,0.004);
#80=ORIENTED_EDGE('',*,*,#908,.F.);
#81=ORIENTED_EDGE('',*,*,#909,.F.);
#82=ORIENTED_EDGE('',*,*,#910,.F.);
#83=ORIENTED_EDGE('',*,*,#911,.F.);
#84=ORIENTED_EDGE('',*,*,#912,.F.);
#85=ORIENTED_EDGE('',*,*,#913,.T.);
#86=ORIENTED_EDGE('',*,*,#914,.T.);
#87=ORIENTED_EDGE('',*,*,#915,.F.);
#88=ORIENTED_EDGE('',*,*,#916,.T.);
#89=ORIENTED_EDGE('',*,*,#917,.T.);
#90=ORIENTED_EDGE('',*,*,#918,.T.);
#91=ORIENTED_EDGE('',*,*,#919,.T.);
#92=ORIENTED_EDGE('',*,*,#920,.T.);
#93=ORIENTED_EDGE('',*,*,#921,.T.);
#94=ORIENTED_EDGE('',*,*,#922,.T.);
#95=ORIENTED_EDGE('',*,*,#923,.T.);
#96=ORIENTED_EDGE('',*,*,#924,.T.);
#97=ORIENTED_EDGE('',*,*,#925,.T.);
#98=ORIENTED_EDGE('',*,*,#926,.T.);
#99=ORIENTED_EDGE('',*,*,#927,.T.);
#100=ORIENTED_EDGE('',*,*,#928,.T.);
#101=ORIENTED_EDGE('',*,*,#929,.T.);
#102=ORIENTED_EDGE('',*,*,#930,.T.);
#103=ORIENTED_EDGE('',*,*,#931,.T.);
#104=ORIENTED_EDGE('',*,*,#932,.T.);
#105=ORIENTED_EDGE('',*,*,#933,.T.);
#106=ORIENTED_EDGE('',*,*,#934,.T.);
#107=ORIENTED_EDGE('',*,*,#935,.T.);
#108=ORIENTED_EDGE('',*,*,#936,.T.);
#109=ORIENTED_EDGE('',*,*,#937,.T.);
#110=ORIENTED_EDGE('',*,*,#938,.T.);
#111=ORIENTED_EDGE('',*,*,#939,.T.);
#112=ORIENTED_EDGE('',*,*,#940,.T.);
#113=ORIENTED_EDGE('',*,*,#941,.T.);
#114=ORIENTED_EDGE('',*,*,#942,.T.);
#115=ORIENTED_EDGE('',*,*,#943,.T.);
#116=ORIENTED_EDGE('',*,*,#944,.T.);
#117=ORIENTED_EDGE('',*,*,#945,.T.);
#118=ORIENTED_EDGE('',*,*,#946,.T.);
#119=ORIENTED_EDGE('',*,*,#947,.T.);
#120=ORIENTED_EDGE('',*,*,#948,.T.);
#121=ORIENTED_EDGE('',*,*,#949,.T.);
#122=ORIENTED_EDGE('',*,*,#950,.T.);
#123=ORIENTED_EDGE('',*,*,#951,.T.);
#124=ORIENTED_EDGE('',*,*,#952,.T.);
#125=ORIENTED_EDGE('',*,*,#953,.T.);
#126=ORIENTED_EDGE('',*,*,#954,.T.);
#127=ORIENTED_EDGE('',*,*,#955,.T.);
#128=ORIENTED_EDGE('',*,*,#956,.T.);
#129=ORIENTED_EDGE('',*,*,#957,.T.);
#130=ORIENTED_EDGE('',*,*,#958,.T.);
#131=ORIENTED_EDGE('',*,*,#959,.T.);
#132=ORIENTED_EDGE('',*,*,#960,.T.);
#133=ORIENTED_EDGE('',*,*,#961,.T.);
#134=ORIENTED_EDGE('',*,*,#962,.T.);
#135=ORIENTED_EDGE('',*,*,#963,.T.);
#136=ORIENTED_EDGE('',*,*,#964,.T.);
#137=ORIENTED_EDGE('',*,*,#965,.T.);
#138=ORIENTED_EDGE('',*,*,#966,.T.);
#139=ORIENTED_EDGE('',*,*,#967,.T.);
#140=ORIENTED_EDGE('',*,*,#968,.T.);
#141=ORIENTED_EDGE('',*,*,#969,.T.);
#142=ORIENTED_EDGE('',*,*,#970,.T.);
#143=ORIENTED_EDGE('',*,*,#971,.T.);
#144=ORIENTED_EDGE('',*,*,#972,.T.);
#145=ORIENTED_EDGE('',*,*,#973,.T.);
#146=ORIENTED_EDGE('',*,*,#974,.T.);
#147=ORIENTED_EDGE('',*,*,#975,.T.);
#148=ORIENTED_EDGE('',*,*,#976,.F.);
#149=ORIENTED_EDGE('',*,*,#977,.F.);
#150=ORIENTED_EDGE('',*,*,#978,.F.);
#151=ORIENTED_EDGE('',*,*,#979,.F.);
#152=ORIENTED_EDGE('',*,*,#980,.F.);
#153=ORIENTED_EDGE('',*,*,#981,.F.);
#154=ORIENTED_EDGE('',*,*,#982,.F.);
#155=ORIENTED_EDGE('',*,*,#983,.F.);
#156=ORIENTED_EDGE('',*,*,#984,.F.);
#157=ORIENTED_EDGE('',*,*,#985,.F.);
#158=ORIENTED_EDGE('',*,*,#986,.F.);
#159=ORIENTED_EDGE('',*,*,#987,.F.);
#160=ORIENTED_EDGE('',*,*,#988,.F.);
#161=ORIENTED_EDGE('',*,*,#989,.F.);
#162=ORIENTED_EDGE('',*,*,#990,.F.);
#163=ORIENTED_EDGE('',*,*,#991,.F.);
#164=ORIENTED_EDGE('',*,*,#992,.F.);
#165=ORIENTED_EDGE('',*,*,#993,.F.);
#166=ORIENTED_EDGE('',*,*,#994,.F.);
#167=ORIENTED_EDGE('',*,*,#995,.F.);
#168=ORIENTED_EDGE('',*,*,#996,.F.);
#169=ORIENTED_EDGE('',*,*,#997,.F.);
#170=ORIENTED_EDGE('',*,*,#998,.F.);
#171=ORIENTED_EDGE('',*,*,#999,.F.);
#172=ORIENTED_EDGE('',*,*,#1000,.F.);
#173=ORIENTED_EDGE('',*,*,#1001,.F.);
#174=ORIENTED_EDGE('',*,*,#1002,.F.);
#175=ORIENTED_EDGE('',*,*,#1003,.F.);
#176=ORIENTED_EDGE('',*,*,#1004,.F.);
#177=ORIENTED_EDGE('',*,*,#1005,.F.);
#178=ORIENTED_EDGE('',*,*,#1006,.F.);
#179=ORIENTED_EDGE('',*,*,#1007,.F.);
#180=ORIENTED_EDGE('',*,*,#1008,.F.);
#181=ORIENTED_EDGE('',*,*,#1009,.F.);
#182=ORIENTED_EDGE('',*,*,#1010,.F.);
#183=ORIENTED_EDGE('',*,*,#1011,.F.);
#184=ORIENTED_EDGE('',*,*,#1012,.F.);
#185=ORIENTED_EDGE('',*,*,#1013,.F.);
#186=ORIENTED_EDGE('',*,*,#1014,.F.);
#187=ORIENTED_EDGE('',*,*,#1015,.F.);
#188=ORIENTED_EDGE('',*,*,#1016,.F.);
#189=ORIENTED_EDGE('',*,*,#1017,.F.);
#190=ORIENTED_EDGE('',*,*,#1018,.F.);
#191=ORIENTED_EDGE('',*,*,#1019,.F.);
#192=ORIENTED_EDGE('',*,*,#1020,.F.);
#193=ORIENTED_EDGE('',*,*,#1021,.F.);
#194=ORIENTED_EDGE('',*,*,#1022,.F.);
#195=ORIENTED_EDGE('',*,*,#1023,.F.);
#196=ORIENTED_EDGE('',*,*,#1024,.F.);
#197=ORIENTED_EDGE('',*,*,#1025,.T.);
#198=ORIENTED_EDGE('',*,*,#1026,.T.);
#199=ORIENTED_EDGE('',*,*,#1027,.T.);
#200=ORIENTED_EDGE('',*,*,#1028,.T.);
#201=ORIENTED_EDGE('',*,*,#1029,.F.);
#202=ORIENTED_EDGE('',*,*,#1030,.T.);
#203=ORIENTED_EDGE('',*,*,#1031,.F.);
#204=ORIENTED_EDGE('',*,*,#1032,.T.);
#205=ORIENTED_EDGE('',*,*,#1033,.T.);
#206=ORIENTED_EDGE('',*,*,#1034,.F.);
#207=ORIENTED_EDGE('',*,*,#1035,.F.);
#208=ORIENTED_EDGE('',*,*,#1036,.T.);
#209=ORIENTED_EDGE('',*,*,#1037,.T.);
#210=ORIENTED_EDGE('',*,*,#1038,.T.);
#211=ORIENTED_EDGE('',*,*,#1039,.T.);
#212=ORIENTED_EDGE('',*,*,#1040,.T.);
#213=ORIENTED_EDGE('',*,*,#1041,.T.);
#214=ORIENTED_EDGE('',*,*,#964,.F.);
#215=ORIENTED_EDGE('',*,*,#1042,.F.);
#216=ORIENTED_EDGE('',*,*,#968,.F.);
#217=ORIENTED_EDGE('',*,*,#1043,.T.);
#218=ORIENTED_EDGE('',*,*,#1044,.T.);
#219=ORIENTED_EDGE('',*,*,#1045,.T.);
#220=ORIENTED_EDGE('',*,*,#1046,.T.);
#221=ORIENTED_EDGE('',*,*,#1047,.T.);
#222=ORIENTED_EDGE('',*,*,#1040,.F.);
#223=ORIENTED_EDGE('',*,*,#1048,.F.);
#224=ORIENTED_EDGE('',*,*,#1049,.F.);
#225=ORIENTED_EDGE('',*,*,#1050,.F.);
#226=ORIENTED_EDGE('',*,*,#1044,.F.);
#227=ORIENTED_EDGE('',*,*,#1051,.T.);
#228=ORIENTED_EDGE('',*,*,#1052,.F.);
#229=ORIENTED_EDGE('',*,*,#1053,.T.);
#230=ORIENTED_EDGE('',*,*,#1054,.T.);
#231=ORIENTED_EDGE('',*,*,#1025,.F.);
#232=ORIENTED_EDGE('',*,*,#1055,.T.);
#233=ORIENTED_EDGE('',*,*,#1056,.T.);
#234=ORIENTED_EDGE('',*,*,#1057,.T.);
#235=ORIENTED_EDGE('',*,*,#1058,.T.);
#236=ORIENTED_EDGE('',*,*,#1059,.F.);
#237=ORIENTED_EDGE('',*,*,#1060,.T.);
#238=ORIENTED_EDGE('',*,*,#1061,.T.);
#239=ORIENTED_EDGE('',*,*,#1062,.F.);
#240=ORIENTED_EDGE('',*,*,#1063,.F.);
#241=ORIENTED_EDGE('',*,*,#1064,.T.);
#242=ORIENTED_EDGE('',*,*,#1065,.F.);
#243=ORIENTED_EDGE('',*,*,#1066,.F.);
#244=ORIENTED_EDGE('',*,*,#1067,.T.);
#245=ORIENTED_EDGE('',*,*,#1068,.T.);
#246=ORIENTED_EDGE('',*,*,#1069,.T.);
#247=ORIENTED_EDGE('',*,*,#1070,.T.);
#248=ORIENTED_EDGE('',*,*,#1071,.T.);
#249=ORIENTED_EDGE('',*,*,#1072,.F.);
#250=ORIENTED_EDGE('',*,*,#1073,.T.);
#251=ORIENTED_EDGE('',*,*,#1053,.F.);
#252=ORIENTED_EDGE('',*,*,#1074,.F.);
#253=ORIENTED_EDGE('',*,*,#908,.T.);
#254=ORIENTED_EDGE('',*,*,#1075,.T.);
#255=ORIENTED_EDGE('',*,*,#1060,.F.);
#256=ORIENTED_EDGE('',*,*,#1076,.F.);
#257=ORIENTED_EDGE('',*,*,#910,.T.);
#258=ORIENTED_EDGE('',*,*,#1077,.T.);
#259=ORIENTED_EDGE('',*,*,#1035,.T.);
#260=ORIENTED_EDGE('',*,*,#1078,.T.);
#261=ORIENTED_EDGE('',*,*,#1031,.T.);
#262=ORIENTED_EDGE('',*,*,#1079,.T.);
#263=ORIENTED_EDGE('',*,*,#1068,.F.);
#264=ORIENTED_EDGE('',*,*,#1066,.T.);
#265=ORIENTED_EDGE('',*,*,#1080,.T.);
#266=ORIENTED_EDGE('',*,*,#1033,.F.);
#267=ORIENTED_EDGE('',*,*,#1081,.T.);
#268=ORIENTED_EDGE('',*,*,#1027,.F.);
#269=ORIENTED_EDGE('',*,*,#1082,.T.);
#270=ORIENTED_EDGE('',*,*,#1072,.T.);
#271=ORIENTED_EDGE('',*,*,#1083,.T.);
#272=ORIENTED_EDGE('',*,*,#1084,.T.);
#273=ORIENTED_EDGE('',*,*,#1029,.T.);
#274=ORIENTED_EDGE('',*,*,#1085,.T.);
#275=ORIENTED_EDGE('',*,*,#1070,.F.);
#276=ORIENTED_EDGE('',*,*,#1058,.F.);
#277=ORIENTED_EDGE('',*,*,#972,.F.);
#278=ORIENTED_EDGE('',*,*,#1057,.F.);
#279=ORIENTED_EDGE('',*,*,#973,.F.);
#280=ORIENTED_EDGE('',*,*,#1056,.F.);
#281=ORIENTED_EDGE('',*,*,#974,.F.);
#282=ORIENTED_EDGE('',*,*,#1055,.F.);
#283=ORIENTED_EDGE('',*,*,#975,.F.);
#284=ORIENTED_EDGE('',*,*,#1086,.F.);
#285=ORIENTED_EDGE('',*,*,#1023,.T.);
#286=ORIENTED_EDGE('',*,*,#1087,.F.);
#287=ORIENTED_EDGE('',*,*,#963,.F.);
#288=ORIENTED_EDGE('',*,*,#1088,.F.);
#289=ORIENTED_EDGE('',*,*,#1020,.T.);
#290=ORIENTED_EDGE('',*,*,#1086,.T.);
#291=ORIENTED_EDGE('',*,*,#962,.F.);
#292=ORIENTED_EDGE('',*,*,#1087,.T.);
#293=ORIENTED_EDGE('',*,*,#1022,.T.);
#294=ORIENTED_EDGE('',*,*,#1089,.F.);
#295=ORIENTED_EDGE('',*,*,#960,.F.);
#296=ORIENTED_EDGE('',*,*,#1089,.T.);
#297=ORIENTED_EDGE('',*,*,#1021,.T.);
#298=ORIENTED_EDGE('',*,*,#1088,.T.);
#299=ORIENTED_EDGE('',*,*,#961,.F.);
#300=ORIENTED_EDGE('',*,*,#1090,.F.);
#301=ORIENTED_EDGE('',*,*,#1019,.T.);
#302=ORIENTED_EDGE('',*,*,#1091,.F.);
#303=ORIENTED_EDGE('',*,*,#959,.F.);
#304=ORIENTED_EDGE('',*,*,#1092,.F.);
#305=ORIENTED_EDGE('',*,*,#1016,.T.);
#306=ORIENTED_EDGE('',*,*,#1090,.T.);
#307=ORIENTED_EDGE('',*,*,#958,.F.);
#308=ORIENTED_EDGE('',*,*,#1091,.T.);
#309=ORIENTED_EDGE('',*,*,#1018,.T.);
#310=ORIENTED_EDGE('',*,*,#1093,.F.);
#311=ORIENTED_EDGE('',*,*,#956,.F.);
#312=ORIENTED_EDGE('',*,*,#1093,.T.);
#313=ORIENTED_EDGE('',*,*,#1017,.T.);
#314=ORIENTED_EDGE('',*,*,#1092,.T.);
#315=ORIENTED_EDGE('',*,*,#957,.F.);
#316=ORIENTED_EDGE('',*,*,#1094,.F.);
#317=ORIENTED_EDGE('',*,*,#1015,.T.);
#318=ORIENTED_EDGE('',*,*,#1095,.F.);
#319=ORIENTED_EDGE('',*,*,#955,.F.);
#320=ORIENTED_EDGE('',*,*,#1096,.F.);
#321=ORIENTED_EDGE('',*,*,#1012,.T.);
#322=ORIENTED_EDGE('',*,*,#1094,.T.);
#323=ORIENTED_EDGE('',*,*,#954,.F.);
#324=ORIENTED_EDGE('',*,*,#1095,.T.);
#325=ORIENTED_EDGE('',*,*,#1014,.T.);
#326=ORIENTED_EDGE('',*,*,#1097,.F.);
#327=ORIENTED_EDGE('',*,*,#952,.F.);
#328=ORIENTED_EDGE('',*,*,#1097,.T.);
#329=ORIENTED_EDGE('',*,*,#1013,.T.);
#330=ORIENTED_EDGE('',*,*,#1096,.T.);
#331=ORIENTED_EDGE('',*,*,#953,.F.);
#332=ORIENTED_EDGE('',*,*,#1098,.F.);
#333=ORIENTED_EDGE('',*,*,#1011,.T.);
#334=ORIENTED_EDGE('',*,*,#1099,.F.);
#335=ORIENTED_EDGE('',*,*,#951,.F.);
#336=ORIENTED_EDGE('',*,*,#1100,.F.);
#337=ORIENTED_EDGE('',*,*,#1008,.T.);
#338=ORIENTED_EDGE('',*,*,#1098,.T.);
#339=ORIENTED_EDGE('',*,*,#950,.F.);
#340=ORIENTED_EDGE('',*,*,#1099,.T.);
#341=ORIENTED_EDGE('',*,*,#1010,.T.);
#342=ORIENTED_EDGE('',*,*,#1101,.F.);
#343=ORIENTED_EDGE('',*,*,#948,.F.);
#344=ORIENTED_EDGE('',*,*,#1101,.T.);
#345=ORIENTED_EDGE('',*,*,#1009,.T.);
#346=ORIENTED_EDGE('',*,*,#1100,.T.);
#347=ORIENTED_EDGE('',*,*,#949,.F.);
#348=ORIENTED_EDGE('',*,*,#1102,.F.);
#349=ORIENTED_EDGE('',*,*,#1007,.T.);
#350=ORIENTED_EDGE('',*,*,#1103,.F.);
#351=ORIENTED_EDGE('',*,*,#947,.F.);
#352=ORIENTED_EDGE('',*,*,#1104,.F.);
#353=ORIENTED_EDGE('',*,*,#1004,.T.);
#354=ORIENTED_EDGE('',*,*,#1102,.T.);
#355=ORIENTED_EDGE('',*,*,#946,.F.);
#356=ORIENTED_EDGE('',*,*,#1103,.T.);
#357=ORIENTED_EDGE('',*,*,#1006,.T.);
#358=ORIENTED_EDGE('',*,*,#1105,.F.);
#359=ORIENTED_EDGE('',*,*,#944,.F.);
#360=ORIENTED_EDGE('',*,*,#1105,.T.);
#361=ORIENTED_EDGE('',*,*,#1005,.T.);
#362=ORIENTED_EDGE('',*,*,#1104,.T.);
#363=ORIENTED_EDGE('',*,*,#945,.F.);
#364=ORIENTED_EDGE('',*,*,#1106,.F.);
#365=ORIENTED_EDGE('',*,*,#1003,.T.);
#366=ORIENTED_EDGE('',*,*,#1107,.F.);
#367=ORIENTED_EDGE('',*,*,#943,.F.);
#368=ORIENTED_EDGE('',*,*,#1108,.F.);
#369=ORIENTED_EDGE('',*,*,#1000,.T.);
#370=ORIENTED_EDGE('',*,*,#1106,.T.);
#371=ORIENTED_EDGE('',*,*,#942,.F.);
#372=ORIENTED_EDGE('',*,*,#1107,.T.);
#373=ORIENTED_EDGE('',*,*,#1002,.T.);
#374=ORIENTED_EDGE('',*,*,#1109,.F.);
#375=ORIENTED_EDGE('',*,*,#940,.F.);
#376=ORIENTED_EDGE('',*,*,#1109,.T.);
#377=ORIENTED_EDGE('',*,*,#1001,.T.);
#378=ORIENTED_EDGE('',*,*,#1108,.T.);
#379=ORIENTED_EDGE('',*,*,#941,.F.);
#380=ORIENTED_EDGE('',*,*,#1110,.F.);
#381=ORIENTED_EDGE('',*,*,#999,.T.);
#382=ORIENTED_EDGE('',*,*,#1111,.F.);
#383=ORIENTED_EDGE('',*,*,#939,.F.);
#384=ORIENTED_EDGE('',*,*,#1112,.F.);
#385=ORIENTED_EDGE('',*,*,#996,.T.);
#386=ORIENTED_EDGE('',*,*,#1110,.T.);
#387=ORIENTED_EDGE('',*,*,#938,.F.);
#388=ORIENTED_EDGE('',*,*,#1111,.T.);
#389=ORIENTED_EDGE('',*,*,#998,.T.);
#390=ORIENTED_EDGE('',*,*,#1113,.F.);
#391=ORIENTED_EDGE('',*,*,#936,.F.);
#392=ORIENTED_EDGE('',*,*,#1113,.T.);
#393=ORIENTED_EDGE('',*,*,#997,.T.);
#394=ORIENTED_EDGE('',*,*,#1112,.T.);
#395=ORIENTED_EDGE('',*,*,#937,.F.);
#396=ORIENTED_EDGE('',*,*,#1114,.F.);
#397=ORIENTED_EDGE('',*,*,#995,.T.);
#398=ORIENTED_EDGE('',*,*,#1115,.F.);
#399=ORIENTED_EDGE('',*,*,#935,.F.);
#400=ORIENTED_EDGE('',*,*,#1116,.F.);
#401=ORIENTED_EDGE('',*,*,#992,.T.);
#402=ORIENTED_EDGE('',*,*,#1114,.T.);
#403=ORIENTED_EDGE('',*,*,#934,.F.);
#404=ORIENTED_EDGE('',*,*,#1115,.T.);
#405=ORIENTED_EDGE('',*,*,#994,.T.);
#406=ORIENTED_EDGE('',*,*,#1117,.F.);
#407=ORIENTED_EDGE('',*,*,#932,.F.);
#408=ORIENTED_EDGE('',*,*,#1117,.T.);
#409=ORIENTED_EDGE('',*,*,#993,.T.);
#410=ORIENTED_EDGE('',*,*,#1116,.T.);
#411=ORIENTED_EDGE('',*,*,#933,.F.);
#412=ORIENTED_EDGE('',*,*,#1118,.F.);
#413=ORIENTED_EDGE('',*,*,#991,.T.);
#414=ORIENTED_EDGE('',*,*,#1119,.F.);
#415=ORIENTED_EDGE('',*,*,#931,.F.);
#416=ORIENTED_EDGE('',*,*,#1120,.F.);
#417=ORIENTED_EDGE('',*,*,#988,.T.);
#418=ORIENTED_EDGE('',*,*,#1118,.T.);
#419=ORIENTED_EDGE('',*,*,#930,.F.);
#420=ORIENTED_EDGE('',*,*,#1119,.T.);
#421=ORIENTED_EDGE('',*,*,#990,.T.);
#422=ORIENTED_EDGE('',*,*,#1121,.F.);
#423=ORIENTED_EDGE('',*,*,#928,.F.);
#424=ORIENTED_EDGE('',*,*,#1121,.T.);
#425=ORIENTED_EDGE('',*,*,#989,.T.);
#426=ORIENTED_EDGE('',*,*,#1120,.T.);
#427=ORIENTED_EDGE('',*,*,#929,.F.);
#428=ORIENTED_EDGE('',*,*,#1122,.F.);
#429=ORIENTED_EDGE('',*,*,#987,.T.);
#430=ORIENTED_EDGE('',*,*,#1123,.F.);
#431=ORIENTED_EDGE('',*,*,#927,.F.);
#432=ORIENTED_EDGE('',*,*,#1124,.F.);
#433=ORIENTED_EDGE('',*,*,#984,.T.);
#434=ORIENTED_EDGE('',*,*,#1122,.T.);
#435=ORIENTED_EDGE('',*,*,#926,.F.);
#436=ORIENTED_EDGE('',*,*,#1123,.T.);
#437=ORIENTED_EDGE('',*,*,#986,.T.);
#438=ORIENTED_EDGE('',*,*,#1125,.F.);
#439=ORIENTED_EDGE('',*,*,#924,.F.);
#440=ORIENTED_EDGE('',*,*,#1125,.T.);
#441=ORIENTED_EDGE('',*,*,#985,.T.);
#442=ORIENTED_EDGE('',*,*,#1124,.T.);
#443=ORIENTED_EDGE('',*,*,#925,.F.);
#444=ORIENTED_EDGE('',*,*,#1126,.F.);
#445=ORIENTED_EDGE('',*,*,#983,.T.);
#446=ORIENTED_EDGE('',*,*,#1127,.F.);
#447=ORIENTED_EDGE('',*,*,#923,.F.);
#448=ORIENTED_EDGE('',*,*,#1128,.F.);
#449=ORIENTED_EDGE('',*,*,#980,.T.);
#450=ORIENTED_EDGE('',*,*,#1126,.T.);
#451=ORIENTED_EDGE('',*,*,#922,.F.);
#452=ORIENTED_EDGE('',*,*,#1127,.T.);
#453=ORIENTED_EDGE('',*,*,#982,.T.);
#454=ORIENTED_EDGE('',*,*,#1129,.F.);
#455=ORIENTED_EDGE('',*,*,#920,.F.);
#456=ORIENTED_EDGE('',*,*,#1129,.T.);
#457=ORIENTED_EDGE('',*,*,#981,.T.);
#458=ORIENTED_EDGE('',*,*,#1128,.T.);
#459=ORIENTED_EDGE('',*,*,#921,.F.);
#460=ORIENTED_EDGE('',*,*,#1130,.F.);
#461=ORIENTED_EDGE('',*,*,#979,.T.);
#462=ORIENTED_EDGE('',*,*,#1131,.F.);
#463=ORIENTED_EDGE('',*,*,#919,.F.);
#464=ORIENTED_EDGE('',*,*,#1132,.F.);
#465=ORIENTED_EDGE('',*,*,#976,.T.);
#466=ORIENTED_EDGE('',*,*,#1130,.T.);
#467=ORIENTED_EDGE('',*,*,#918,.F.);
#468=ORIENTED_EDGE('',*,*,#1131,.T.);
#469=ORIENTED_EDGE('',*,*,#978,.T.);
#470=ORIENTED_EDGE('',*,*,#1133,.F.);
#471=ORIENTED_EDGE('',*,*,#916,.F.);
#472=ORIENTED_EDGE('',*,*,#1133,.T.);
#473=ORIENTED_EDGE('',*,*,#977,.T.);
#474=ORIENTED_EDGE('',*,*,#1132,.T.);
#475=ORIENTED_EDGE('',*,*,#917,.F.);
#476=ORIENTED_EDGE('',*,*,#1134,.F.);
#477=ORIENTED_EDGE('',*,*,#1064,.F.);
#478=ORIENTED_EDGE('',*,*,#1135,.F.);
#479=ORIENTED_EDGE('',*,*,#912,.T.);
#480=ORIENTED_EDGE('',*,*,#1063,.T.);
#481=ORIENTED_EDGE('',*,*,#1136,.F.);
#482=ORIENTED_EDGE('',*,*,#913,.F.);
#483=ORIENTED_EDGE('',*,*,#1135,.T.);
#484=ORIENTED_EDGE('',*,*,#1062,.T.);
#485=ORIENTED_EDGE('',*,*,#1137,.F.);
#486=ORIENTED_EDGE('',*,*,#914,.F.);
#487=ORIENTED_EDGE('',*,*,#1136,.T.);
#488=ORIENTED_EDGE('',*,*,#1061,.F.);
#489=ORIENTED_EDGE('',*,*,#1075,.F.);
#490=ORIENTED_EDGE('',*,*,#915,.T.);
#491=ORIENTED_EDGE('',*,*,#1137,.T.);
#492=ORIENTED_EDGE('',*,*,#1026,.F.);
#493=ORIENTED_EDGE('',*,*,#1054,.F.);
#494=ORIENTED_EDGE('',*,*,#1073,.F.);
#495=ORIENTED_EDGE('',*,*,#1082,.F.);
#496=ORIENTED_EDGE('',*,*,#1032,.F.);
#497=ORIENTED_EDGE('',*,*,#1078,.F.);
#498=ORIENTED_EDGE('',*,*,#1067,.F.);
#499=ORIENTED_EDGE('',*,*,#1081,.F.);
#500=ORIENTED_EDGE('',*,*,#1030,.F.);
#501=ORIENTED_EDGE('',*,*,#1084,.F.);
#502=ORIENTED_EDGE('',*,*,#1069,.F.);
#503=ORIENTED_EDGE('',*,*,#1079,.F.);
#504=ORIENTED_EDGE('',*,*,#1028,.F.);
#505=ORIENTED_EDGE('',*,*,#1083,.F.);
#506=ORIENTED_EDGE('',*,*,#1071,.F.);
#507=ORIENTED_EDGE('',*,*,#1085,.F.);
#508=ORIENTED_EDGE('',*,*,#969,.F.);
#509=ORIENTED_EDGE('',*,*,#1045,.F.);
#510=ORIENTED_EDGE('',*,*,#1050,.T.);
#511=ORIENTED_EDGE('',*,*,#1138,.T.);
#512=ORIENTED_EDGE('',*,*,#971,.F.);
#513=ORIENTED_EDGE('',*,*,#1139,.F.);
#514=ORIENTED_EDGE('',*,*,#1048,.T.);
#515=ORIENTED_EDGE('',*,*,#1042,.T.);
#516=ORIENTED_EDGE('',*,*,#970,.F.);
#517=ORIENTED_EDGE('',*,*,#1138,.F.);
#518=ORIENTED_EDGE('',*,*,#1049,.T.);
#519=ORIENTED_EDGE('',*,*,#1139,.T.);
#520=ORIENTED_EDGE('',*,*,#909,.T.);
#521=ORIENTED_EDGE('',*,*,#1074,.T.);
#522=ORIENTED_EDGE('',*,*,#1059,.T.);
#523=ORIENTED_EDGE('',*,*,#1052,.T.);
#524=ORIENTED_EDGE('',*,*,#1024,.T.);
#525=ORIENTED_EDGE('',*,*,#1077,.F.);
#526=ORIENTED_EDGE('',*,*,#911,.T.);
#527=ORIENTED_EDGE('',*,*,#1076,.T.);
#528=ORIENTED_EDGE('',*,*,#1034,.T.);
#529=ORIENTED_EDGE('',*,*,#1080,.F.);
#530=ORIENTED_EDGE('',*,*,#1065,.T.);
#531=ORIENTED_EDGE('',*,*,#1134,.T.);
#532=ORIENTED_EDGE('',*,*,#1140,.T.);
#533=ORIENTED_EDGE('',*,*,#1037,.F.);
#534=ORIENTED_EDGE('',*,*,#1141,.F.);
#535=ORIENTED_EDGE('',*,*,#1046,.F.);
#536=ORIENTED_EDGE('',*,*,#1041,.F.);
#537=ORIENTED_EDGE('',*,*,#1047,.F.);
#538=ORIENTED_EDGE('',*,*,#1141,.T.);
#539=ORIENTED_EDGE('',*,*,#1036,.F.);
#540=ORIENTED_EDGE('',*,*,#1142,.F.);
#541=ORIENTED_EDGE('',*,*,#965,.F.);
#542=ORIENTED_EDGE('',*,*,#1142,.T.);
#543=ORIENTED_EDGE('',*,*,#1039,.F.);
#544=ORIENTED_EDGE('',*,*,#1143,.F.);
#545=ORIENTED_EDGE('',*,*,#966,.F.);
#546=ORIENTED_EDGE('',*,*,#1143,.T.);
#547=ORIENTED_EDGE('',*,*,#1038,.F.);
#548=ORIENTED_EDGE('',*,*,#1140,.F.);
#549=ORIENTED_EDGE('',*,*,#1051,.F.);
#550=ORIENTED_EDGE('',*,*,#1043,.F.);
#551=ORIENTED_EDGE('',*,*,#967,.F.);
#552=ORIENTED_EDGE('',*,*,#1144,.F.);
#553=ORIENTED_EDGE('',*,*,#1145,.T.);
#554=ORIENTED_EDGE('',*,*,#1146,.F.);
#555=ORIENTED_EDGE('',*,*,#1147,.T.);
#556=ORIENTED_EDGE('',*,*,#1148,.F.);
#557=ORIENTED_EDGE('',*,*,#1149,.T.);
#558=ORIENTED_EDGE('',*,*,#1150,.F.);
#559=ORIENTED_EDGE('',*,*,#1151,.T.);
#560=ORIENTED_EDGE('',*,*,#1152,.F.);
#561=ORIENTED_EDGE('',*,*,#1153,.F.);
#562=ORIENTED_EDGE('',*,*,#1154,.F.);
#563=ORIENTED_EDGE('',*,*,#1155,.F.);
#564=ORIENTED_EDGE('',*,*,#1156,.F.);
#565=ORIENTED_EDGE('',*,*,#1157,.T.);
#566=ORIENTED_EDGE('',*,*,#1158,.T.);
#567=ORIENTED_EDGE('',*,*,#1159,.T.);
#568=ORIENTED_EDGE('',*,*,#1160,.T.);
#569=ORIENTED_EDGE('',*,*,#1161,.T.);
#570=ORIENTED_EDGE('',*,*,#1162,.F.);
#571=ORIENTED_EDGE('',*,*,#1163,.T.);
#572=ORIENTED_EDGE('',*,*,#1164,.F.);
#573=ORIENTED_EDGE('',*,*,#1165,.T.);
#574=ORIENTED_EDGE('',*,*,#1166,.T.);
#575=ORIENTED_EDGE('',*,*,#1167,.F.);
#576=ORIENTED_EDGE('',*,*,#1168,.F.);
#577=ORIENTED_EDGE('',*,*,#1169,.F.);
#578=ORIENTED_EDGE('',*,*,#1170,.F.);
#579=ORIENTED_EDGE('',*,*,#1171,.F.);
#580=ORIENTED_EDGE('',*,*,#1145,.F.);
#581=ORIENTED_EDGE('',*,*,#1172,.T.);
#582=ORIENTED_EDGE('',*,*,#1156,.T.);
#583=ORIENTED_EDGE('',*,*,#1173,.T.);
#584=ORIENTED_EDGE('',*,*,#1174,.F.);
#585=ORIENTED_EDGE('',*,*,#1175,.T.);
#586=ORIENTED_EDGE('',*,*,#1176,.F.);
#587=ORIENTED_EDGE('',*,*,#1177,.F.);
#588=ORIENTED_EDGE('',*,*,#1178,.F.);
#589=ORIENTED_EDGE('',*,*,#1179,.F.);
#590=ORIENTED_EDGE('',*,*,#1168,.T.);
#591=ORIENTED_EDGE('',*,*,#1180,.F.);
#592=ORIENTED_EDGE('',*,*,#1151,.F.);
#593=ORIENTED_EDGE('',*,*,#1181,.T.);
#594=ORIENTED_EDGE('',*,*,#1182,.F.);
#595=ORIENTED_EDGE('',*,*,#1183,.F.);
#596=ORIENTED_EDGE('',*,*,#1184,.F.);
#597=ORIENTED_EDGE('',*,*,#1185,.F.);
#598=ORIENTED_EDGE('',*,*,#1186,.F.);
#599=ORIENTED_EDGE('',*,*,#1187,.F.);
#600=ORIENTED_EDGE('',*,*,#1188,.F.);
#601=ORIENTED_EDGE('',*,*,#1189,.F.);
#602=ORIENTED_EDGE('',*,*,#1190,.F.);
#603=ORIENTED_EDGE('',*,*,#1191,.F.);
#604=ORIENTED_EDGE('',*,*,#1192,.F.);
#605=ORIENTED_EDGE('',*,*,#1193,.F.);
#606=ORIENTED_EDGE('',*,*,#1194,.F.);
#607=ORIENTED_EDGE('',*,*,#1195,.F.);
#608=ORIENTED_EDGE('',*,*,#1196,.F.);
#609=ORIENTED_EDGE('',*,*,#1197,.F.);
#610=ORIENTED_EDGE('',*,*,#1198,.F.);
#611=ORIENTED_EDGE('',*,*,#1199,.F.);
#612=ORIENTED_EDGE('',*,*,#1200,.F.);
#613=ORIENTED_EDGE('',*,*,#1201,.F.);
#614=ORIENTED_EDGE('',*,*,#1202,.F.);
#615=ORIENTED_EDGE('',*,*,#1203,.F.);
#616=ORIENTED_EDGE('',*,*,#1204,.F.);
#617=ORIENTED_EDGE('',*,*,#1205,.F.);
#618=ORIENTED_EDGE('',*,*,#1176,.T.);
#619=ORIENTED_EDGE('',*,*,#1206,.T.);
#620=ORIENTED_EDGE('',*,*,#1207,.F.);
#621=ORIENTED_EDGE('',*,*,#1208,.T.);
#622=ORIENTED_EDGE('',*,*,#1209,.T.);
#623=ORIENTED_EDGE('',*,*,#1210,.F.);
#624=ORIENTED_EDGE('',*,*,#1211,.T.);
#625=ORIENTED_EDGE('',*,*,#1212,.T.);
#626=ORIENTED_EDGE('',*,*,#1213,.F.);
#627=ORIENTED_EDGE('',*,*,#1214,.T.);
#628=ORIENTED_EDGE('',*,*,#1215,.T.);
#629=ORIENTED_EDGE('',*,*,#1216,.F.);
#630=ORIENTED_EDGE('',*,*,#1155,.T.);
#631=ORIENTED_EDGE('',*,*,#1217,.F.);
#632=ORIENTED_EDGE('',*,*,#1154,.T.);
#633=ORIENTED_EDGE('',*,*,#1218,.F.);
#634=ORIENTED_EDGE('',*,*,#1153,.T.);
#635=ORIENTED_EDGE('',*,*,#1219,.F.);
#636=ORIENTED_EDGE('',*,*,#1152,.T.);
#637=ORIENTED_EDGE('',*,*,#1220,.F.);
#638=ORIENTED_EDGE('',*,*,#1221,.F.);
#639=ORIENTED_EDGE('',*,*,#1222,.F.);
#640=ORIENTED_EDGE('',*,*,#1223,.F.);
#641=ORIENTED_EDGE('',*,*,#1224,.F.);
#642=ORIENTED_EDGE('',*,*,#1225,.F.);
#643=ORIENTED_EDGE('',*,*,#1226,.T.);
#644=ORIENTED_EDGE('',*,*,#1227,.F.);
#645=ORIENTED_EDGE('',*,*,#1228,.T.);
#646=ORIENTED_EDGE('',*,*,#1229,.T.);
#647=ORIENTED_EDGE('',*,*,#1230,.T.);
#648=ORIENTED_EDGE('',*,*,#1231,.T.);
#649=ORIENTED_EDGE('',*,*,#1232,.T.);
#650=ORIENTED_EDGE('',*,*,#1233,.F.);
#651=ORIENTED_EDGE('',*,*,#1234,.F.);
#652=ORIENTED_EDGE('',*,*,#1173,.F.);
#653=ORIENTED_EDGE('',*,*,#1171,.T.);
#654=ORIENTED_EDGE('',*,*,#1235,.T.);
#655=ORIENTED_EDGE('',*,*,#1236,.F.);
#656=ORIENTED_EDGE('',*,*,#1237,.T.);
#657=ORIENTED_EDGE('',*,*,#1208,.F.);
#658=ORIENTED_EDGE('',*,*,#1238,.F.);
#659=ORIENTED_EDGE('',*,*,#1239,.F.);
#660=ORIENTED_EDGE('',*,*,#1240,.F.);
#661=ORIENTED_EDGE('',*,*,#1169,.T.);
#662=ORIENTED_EDGE('',*,*,#1179,.T.);
#663=ORIENTED_EDGE('',*,*,#1241,.F.);
#664=ORIENTED_EDGE('',*,*,#1242,.T.);
#665=ORIENTED_EDGE('',*,*,#1214,.F.);
#666=ORIENTED_EDGE('',*,*,#1243,.F.);
#667=ORIENTED_EDGE('',*,*,#1244,.F.);
#668=ORIENTED_EDGE('',*,*,#1235,.F.);
#669=ORIENTED_EDGE('',*,*,#1170,.T.);
#670=ORIENTED_EDGE('',*,*,#1240,.T.);
#671=ORIENTED_EDGE('',*,*,#1245,.F.);
#672=ORIENTED_EDGE('',*,*,#1246,.T.);
#673=ORIENTED_EDGE('',*,*,#1211,.F.);
#674=ORIENTED_EDGE('',*,*,#1229,.F.);
#675=ORIENTED_EDGE('',*,*,#1247,.T.);
#676=ORIENTED_EDGE('',*,*,#1164,.T.);
#677=ORIENTED_EDGE('',*,*,#1248,.T.);
#678=ORIENTED_EDGE('',*,*,#1231,.F.);
#679=ORIENTED_EDGE('',*,*,#1249,.T.);
#680=ORIENTED_EDGE('',*,*,#1162,.T.);
#681=ORIENTED_EDGE('',*,*,#1250,.T.);
#682=ORIENTED_EDGE('',*,*,#1160,.F.);
#683=ORIENTED_EDGE('',*,*,#1251,.T.);
#684=ORIENTED_EDGE('',*,*,#1225,.T.);
#685=ORIENTED_EDGE('',*,*,#1252,.T.);
#686=ORIENTED_EDGE('',*,*,#1149,.F.);
#687=ORIENTED_EDGE('',*,*,#1253,.T.);
#688=ORIENTED_EDGE('',*,*,#1166,.F.);
#689=ORIENTED_EDGE('',*,*,#1254,.T.);
#690=ORIENTED_EDGE('',*,*,#1227,.T.);
#691=ORIENTED_EDGE('',*,*,#1255,.T.);
#692=ORIENTED_EDGE('',*,*,#1158,.F.);
#693=ORIENTED_EDGE('',*,*,#1256,.F.);
#694=ORIENTED_EDGE('',*,*,#1147,.F.);
#695=ORIENTED_EDGE('',*,*,#1257,.F.);
#696=ORIENTED_EDGE('',*,*,#1258,.T.);
#697=ORIENTED_EDGE('',*,*,#1220,.T.);
#698=ORIENTED_EDGE('',*,*,#1258,.F.);
#699=ORIENTED_EDGE('',*,*,#1223,.T.);
#700=ORIENTED_EDGE('',*,*,#1259,.T.);
#701=ORIENTED_EDGE('',*,*,#1219,.T.);
#702=ORIENTED_EDGE('',*,*,#1259,.F.);
#703=ORIENTED_EDGE('',*,*,#1222,.T.);
#704=ORIENTED_EDGE('',*,*,#1260,.T.);
#705=ORIENTED_EDGE('',*,*,#1218,.T.);
#706=ORIENTED_EDGE('',*,*,#1260,.F.);
#707=ORIENTED_EDGE('',*,*,#1221,.T.);
#708=ORIENTED_EDGE('',*,*,#1261,.T.);
#709=ORIENTED_EDGE('',*,*,#1217,.T.);
#710=ORIENTED_EDGE('',*,*,#1261,.F.);
#711=ORIENTED_EDGE('',*,*,#1224,.T.);
#712=ORIENTED_EDGE('',*,*,#1183,.T.);
#713=ORIENTED_EDGE('',*,*,#1262,.F.);
#714=ORIENTED_EDGE('',*,*,#1263,.F.);
#715=ORIENTED_EDGE('',*,*,#1264,.T.);
#716=ORIENTED_EDGE('',*,*,#1182,.T.);
#717=ORIENTED_EDGE('',*,*,#1265,.F.);
#718=ORIENTED_EDGE('',*,*,#1266,.F.);
#719=ORIENTED_EDGE('',*,*,#1262,.T.);
#720=ORIENTED_EDGE('',*,*,#1185,.T.);
#721=ORIENTED_EDGE('',*,*,#1267,.F.);
#722=ORIENTED_EDGE('',*,*,#1268,.F.);
#723=ORIENTED_EDGE('',*,*,#1265,.T.);
#724=ORIENTED_EDGE('',*,*,#1184,.T.);
#725=ORIENTED_EDGE('',*,*,#1264,.F.);
#726=ORIENTED_EDGE('',*,*,#1269,.F.);
#727=ORIENTED_EDGE('',*,*,#1267,.T.);
#728=ORIENTED_EDGE('',*,*,#1263,.T.);
#729=ORIENTED_EDGE('',*,*,#1266,.T.);
#730=ORIENTED_EDGE('',*,*,#1268,.T.);
#731=ORIENTED_EDGE('',*,*,#1269,.T.);
#732=ORIENTED_EDGE('',*,*,#1187,.T.);
#733=ORIENTED_EDGE('',*,*,#1270,.F.);
#734=ORIENTED_EDGE('',*,*,#1271,.F.);
#735=ORIENTED_EDGE('',*,*,#1272,.T.);
#736=ORIENTED_EDGE('',*,*,#1186,.T.);
#737=ORIENTED_EDGE('',*,*,#1273,.F.);
#738=ORIENTED_EDGE('',*,*,#1274,.F.);
#739=ORIENTED_EDGE('',*,*,#1270,.T.);
#740=ORIENTED_EDGE('',*,*,#1189,.T.);
#741=ORIENTED_EDGE('',*,*,#1275,.F.);
#742=ORIENTED_EDGE('',*,*,#1276,.F.);
#743=ORIENTED_EDGE('',*,*,#1273,.T.);
#744=ORIENTED_EDGE('',*,*,#1188,.T.);
#745=ORIENTED_EDGE('',*,*,#1272,.F.);
#746=ORIENTED_EDGE('',*,*,#1277,.F.);
#747=ORIENTED_EDGE('',*,*,#1275,.T.);
#748=ORIENTED_EDGE('',*,*,#1271,.T.);
#749=ORIENTED_EDGE('',*,*,#1274,.T.);
#750=ORIENTED_EDGE('',*,*,#1276,.T.);
#751=ORIENTED_EDGE('',*,*,#1277,.T.);
#752=ORIENTED_EDGE('',*,*,#1191,.T.);
#753=ORIENTED_EDGE('',*,*,#1278,.F.);
#754=ORIENTED_EDGE('',*,*,#1279,.F.);
#755=ORIENTED_EDGE('',*,*,#1280,.T.);
#756=ORIENTED_EDGE('',*,*,#1190,.T.);
#757=ORIENTED_EDGE('',*,*,#1281,.F.);
#758=ORIENTED_EDGE('',*,*,#1282,.F.);
#759=ORIENTED_EDGE('',*,*,#1278,.T.);
#760=ORIENTED_EDGE('',*,*,#1193,.T.);
#761=ORIENTED_EDGE('',*,*,#1283,.F.);
#762=ORIENTED_EDGE('',*,*,#1284,.F.);
#763=ORIENTED_EDGE('',*,*,#1281,.T.);
#764=ORIENTED_EDGE('',*,*,#1192,.T.);
#765=ORIENTED_EDGE('',*,*,#1280,.F.);
#766=ORIENTED_EDGE('',*,*,#1285,.F.);
#767=ORIENTED_EDGE('',*,*,#1283,.T.);
#768=ORIENTED_EDGE('',*,*,#1279,.T.);
#769=ORIENTED_EDGE('',*,*,#1282,.T.);
#770=ORIENTED_EDGE('',*,*,#1284,.T.);
#771=ORIENTED_EDGE('',*,*,#1285,.T.);
#772=ORIENTED_EDGE('',*,*,#1195,.T.);
#773=ORIENTED_EDGE('',*,*,#1286,.F.);
#774=ORIENTED_EDGE('',*,*,#1287,.F.);
#775=ORIENTED_EDGE('',*,*,#1288,.T.);
#776=ORIENTED_EDGE('',*,*,#1194,.T.);
#777=ORIENTED_EDGE('',*,*,#1289,.F.);
#778=ORIENTED_EDGE('',*,*,#1290,.F.);
#779=ORIENTED_EDGE('',*,*,#1286,.T.);
#780=ORIENTED_EDGE('',*,*,#1197,.T.);
#781=ORIENTED_EDGE('',*,*,#1291,.F.);
#782=ORIENTED_EDGE('',*,*,#1292,.F.);
#783=ORIENTED_EDGE('',*,*,#1289,.T.);
#784=ORIENTED_EDGE('',*,*,#1196,.T.);
#785=ORIENTED_EDGE('',*,*,#1288,.F.);
#786=ORIENTED_EDGE('',*,*,#1293,.F.);
#787=ORIENTED_EDGE('',*,*,#1291,.T.);
#788=ORIENTED_EDGE('',*,*,#1287,.T.);
#789=ORIENTED_EDGE('',*,*,#1290,.T.);
#790=ORIENTED_EDGE('',*,*,#1292,.T.);
#791=ORIENTED_EDGE('',*,*,#1293,.T.);
#792=ORIENTED_EDGE('',*,*,#1199,.T.);
#793=ORIENTED_EDGE('',*,*,#1294,.F.);
#794=ORIENTED_EDGE('',*,*,#1295,.F.);
#795=ORIENTED_EDGE('',*,*,#1296,.T.);
#796=ORIENTED_EDGE('',*,*,#1198,.T.);
#797=ORIENTED_EDGE('',*,*,#1297,.F.);
#798=ORIENTED_EDGE('',*,*,#1298,.F.);
#799=ORIENTED_EDGE('',*,*,#1294,.T.);
#800=ORIENTED_EDGE('',*,*,#1201,.T.);
#801=ORIENTED_EDGE('',*,*,#1299,.F.);
#802=ORIENTED_EDGE('',*,*,#1300,.F.);
#803=ORIENTED_EDGE('',*,*,#1297,.T.);
#804=ORIENTED_EDGE('',*,*,#1200,.T.);
#805=ORIENTED_EDGE('',*,*,#1296,.F.);
#806=ORIENTED_EDGE('',*,*,#1301,.F.);
#807=ORIENTED_EDGE('',*,*,#1299,.T.);
#808=ORIENTED_EDGE('',*,*,#1295,.T.);
#809=ORIENTED_EDGE('',*,*,#1298,.T.);
#810=ORIENTED_EDGE('',*,*,#1300,.T.);
#811=ORIENTED_EDGE('',*,*,#1301,.T.);
#812=ORIENTED_EDGE('',*,*,#1203,.T.);
#813=ORIENTED_EDGE('',*,*,#1302,.F.);
#814=ORIENTED_EDGE('',*,*,#1303,.F.);
#815=ORIENTED_EDGE('',*,*,#1304,.T.);
#816=ORIENTED_EDGE('',*,*,#1202,.T.);
#817=ORIENTED_EDGE('',*,*,#1305,.F.);
#818=ORIENTED_EDGE('',*,*,#1306,.F.);
#819=ORIENTED_EDGE('',*,*,#1302,.T.);
#820=ORIENTED_EDGE('',*,*,#1205,.T.);
#821=ORIENTED_EDGE('',*,*,#1307,.F.);
#822=ORIENTED_EDGE('',*,*,#1308,.F.);
#823=ORIENTED_EDGE('',*,*,#1305,.T.);
#824=ORIENTED_EDGE('',*,*,#1204,.T.);
#825=ORIENTED_EDGE('',*,*,#1304,.F.);
#826=ORIENTED_EDGE('',*,*,#1309,.F.);
#827=ORIENTED_EDGE('',*,*,#1307,.T.);
#828=ORIENTED_EDGE('',*,*,#1303,.T.);
#829=ORIENTED_EDGE('',*,*,#1306,.T.);
#830=ORIENTED_EDGE('',*,*,#1308,.T.);
#831=ORIENTED_EDGE('',*,*,#1309,.T.);
#832=ORIENTED_EDGE('',*,*,#1215,.F.);
#833=ORIENTED_EDGE('',*,*,#1242,.F.);
#834=ORIENTED_EDGE('',*,*,#1310,.T.);
#835=ORIENTED_EDGE('',*,*,#1311,.T.);
#836=ORIENTED_EDGE('',*,*,#1216,.T.);
#837=ORIENTED_EDGE('',*,*,#1311,.F.);
#838=ORIENTED_EDGE('',*,*,#1312,.F.);
#839=ORIENTED_EDGE('',*,*,#1177,.T.);
#840=ORIENTED_EDGE('',*,*,#1310,.F.);
#841=ORIENTED_EDGE('',*,*,#1241,.T.);
#842=ORIENTED_EDGE('',*,*,#1178,.T.);
#843=ORIENTED_EDGE('',*,*,#1312,.T.);
#844=ORIENTED_EDGE('',*,*,#1213,.T.);
#845=ORIENTED_EDGE('',*,*,#1313,.F.);
#846=ORIENTED_EDGE('',*,*,#1314,.F.);
#847=ORIENTED_EDGE('',*,*,#1238,.T.);
#848=ORIENTED_EDGE('',*,*,#1212,.F.);
#849=ORIENTED_EDGE('',*,*,#1246,.F.);
#850=ORIENTED_EDGE('',*,*,#1315,.T.);
#851=ORIENTED_EDGE('',*,*,#1313,.T.);
#852=ORIENTED_EDGE('',*,*,#1239,.T.);
#853=ORIENTED_EDGE('',*,*,#1314,.T.);
#854=ORIENTED_EDGE('',*,*,#1315,.F.);
#855=ORIENTED_EDGE('',*,*,#1245,.T.);
#856=ORIENTED_EDGE('',*,*,#1209,.F.);
#857=ORIENTED_EDGE('',*,*,#1237,.F.);
#858=ORIENTED_EDGE('',*,*,#1316,.T.);
#859=ORIENTED_EDGE('',*,*,#1317,.T.);
#860=ORIENTED_EDGE('',*,*,#1210,.T.);
#861=ORIENTED_EDGE('',*,*,#1317,.F.);
#862=ORIENTED_EDGE('',*,*,#1318,.F.);
#863=ORIENTED_EDGE('',*,*,#1243,.T.);
#864=ORIENTED_EDGE('',*,*,#1316,.F.);
#865=ORIENTED_EDGE('',*,*,#1236,.T.);
#866=ORIENTED_EDGE('',*,*,#1244,.T.);
#867=ORIENTED_EDGE('',*,*,#1318,.T.);
#868=ORIENTED_EDGE('',*,*,#1207,.T.);
#869=ORIENTED_EDGE('',*,*,#1319,.F.);
#870=ORIENTED_EDGE('',*,*,#1320,.F.);
#871=ORIENTED_EDGE('',*,*,#1233,.T.);
#872=ORIENTED_EDGE('',*,*,#1206,.F.);
#873=ORIENTED_EDGE('',*,*,#1175,.F.);
#874=ORIENTED_EDGE('',*,*,#1321,.T.);
#875=ORIENTED_EDGE('',*,*,#1319,.T.);
#876=ORIENTED_EDGE('',*,*,#1234,.T.);
#877=ORIENTED_EDGE('',*,*,#1320,.T.);
#878=ORIENTED_EDGE('',*,*,#1321,.F.);
#879=ORIENTED_EDGE('',*,*,#1174,.T.);
#880=ORIENTED_EDGE('',*,*,#1159,.F.);
#881=ORIENTED_EDGE('',*,*,#1255,.F.);
#882=ORIENTED_EDGE('',*,*,#1226,.F.);
#883=ORIENTED_EDGE('',*,*,#1251,.F.);
#884=ORIENTED_EDGE('',*,*,#1165,.F.);
#885=ORIENTED_EDGE('',*,*,#1247,.F.);
#886=ORIENTED_EDGE('',*,*,#1228,.F.);
#887=ORIENTED_EDGE('',*,*,#1254,.F.);
#888=ORIENTED_EDGE('',*,*,#1163,.F.);
#889=ORIENTED_EDGE('',*,*,#1249,.F.);
#890=ORIENTED_EDGE('',*,*,#1230,.F.);
#891=ORIENTED_EDGE('',*,*,#1248,.F.);
#892=ORIENTED_EDGE('',*,*,#1161,.F.);
#893=ORIENTED_EDGE('',*,*,#1252,.F.);
#894=ORIENTED_EDGE('',*,*,#1232,.F.);
#895=ORIENTED_EDGE('',*,*,#1250,.F.);
#896=ORIENTED_EDGE('',*,*,#1172,.F.);
#897=ORIENTED_EDGE('',*,*,#1144,.T.);
#898=ORIENTED_EDGE('',*,*,#1256,.T.);
#899=ORIENTED_EDGE('',*,*,#1157,.F.);
#900=ORIENTED_EDGE('',*,*,#1253,.F.);
#901=ORIENTED_EDGE('',*,*,#1148,.T.);
#902=ORIENTED_EDGE('',*,*,#1180,.T.);
#903=ORIENTED_EDGE('',*,*,#1167,.T.);
#904=ORIENTED_EDGE('',*,*,#1181,.F.);
#905=ORIENTED_EDGE('',*,*,#1150,.T.);
#906=ORIENTED_EDGE('',*,*,#1257,.T.);
#907=ORIENTED_EDGE('',*,*,#1146,.T.);
#908=EDGE_CURVE('',#1322,#1323,#1606,.T.);
#909=EDGE_CURVE('',#1324,#1322,#1607,.T.);
#910=EDGE_CURVE('',#1325,#1324,#1608,.T.);
#911=EDGE_CURVE('',#1326,#1325,#1609,.T.);
#912=EDGE_CURVE('',#1327,#1326,#1610,.T.);
#913=EDGE_CURVE('',#1327,#1328,#1611,.T.);
#914=EDGE_CURVE('',#1328,#1329,#1612,.T.);
#915=EDGE_CURVE('',#1323,#1329,#1613,.T.);
#916=EDGE_CURVE('',#1330,#1331,#1614,.T.);
#917=EDGE_CURVE('',#1331,#1332,#1615,.T.);
#918=EDGE_CURVE('',#1332,#1333,#1616,.T.);
#919=EDGE_CURVE('',#1333,#1330,#1617,.T.);
#920=EDGE_CURVE('',#1334,#1335,#1618,.T.);
#921=EDGE_CURVE('',#1335,#1336,#1619,.T.);
#922=EDGE_CURVE('',#1336,#1337,#1620,.T.);
#923=EDGE_CURVE('',#1337,#1334,#1621,.T.);
#924=EDGE_CURVE('',#1338,#1339,#1622,.T.);
#925=EDGE_CURVE('',#1339,#1340,#1623,.T.);
#926=EDGE_CURVE('',#1340,#1341,#1624,.T.);
#927=EDGE_CURVE('',#1341,#1338,#1625,.T.);
#928=EDGE_CURVE('',#1342,#1343,#1626,.T.);
#929=EDGE_CURVE('',#1343,#1344,#1627,.T.);
#930=EDGE_CURVE('',#1344,#1345,#1628,.T.);
#931=EDGE_CURVE('',#1345,#1342,#1629,.T.);
#932=EDGE_CURVE('',#1346,#1347,#1630,.T.);
#933=EDGE_CURVE('',#1347,#1348,#1631,.T.);
#934=EDGE_CURVE('',#1348,#1349,#1632,.T.);
#935=EDGE_CURVE('',#1349,#1346,#1633,.T.);
#936=EDGE_CURVE('',#1350,#1351,#1634,.T.);
#937=EDGE_CURVE('',#1351,#1352,#1635,.T.);
#938=EDGE_CURVE('',#1352,#1353,#1636,.T.);
#939=EDGE_CURVE('',#1353,#1350,#1637,.T.);
#940=EDGE_CURVE('',#1354,#1355,#1638,.T.);
#941=EDGE_CURVE('',#1355,#1356,#1639,.T.);
#942=EDGE_CURVE('',#1356,#1357,#1640,.T.);
#943=EDGE_CURVE('',#1357,#1354,#1641,.T.);
#944=EDGE_CURVE('',#1358,#1359,#1642,.T.);
#945=EDGE_CURVE('',#1359,#1360,#1643,.T.);
#946=EDGE_CURVE('',#1360,#1361,#1644,.T.);
#947=EDGE_CURVE('',#1361,#1358,#1645,.T.);
#948=EDGE_CURVE('',#1362,#1363,#1646,.T.);
#949=EDGE_CURVE('',#1363,#1364,#1647,.T.);
#950=EDGE_CURVE('',#1364,#1365,#1648,.T.);
#951=EDGE_CURVE('',#1365,#1362,#1649,.T.);
#952=EDGE_CURVE('',#1366,#1367,#1650,.T.);
#953=EDGE_CURVE('',#1367,#1368,#1651,.T.);
#954=EDGE_CURVE('',#1368,#1369,#1652,.T.);
#955=EDGE_CURVE('',#1369,#1366,#1653,.T.);
#956=EDGE_CURVE('',#1370,#1371,#1654,.T.);
#957=EDGE_CURVE('',#1371,#1372,#1655,.T.);
#958=EDGE_CURVE('',#1372,#1373,#1656,.T.);
#959=EDGE_CURVE('',#1373,#1370,#1657,.T.);
#960=EDGE_CURVE('',#1374,#1375,#1658,.T.);
#961=EDGE_CURVE('',#1375,#1376,#1659,.T.);
#962=EDGE_CURVE('',#1376,#1377,#1660,.T.);
#963=EDGE_CURVE('',#1377,#1374,#1661,.T.);
#964=EDGE_CURVE('',#1378,#1379,#1662,.T.);
#965=EDGE_CURVE('',#1379,#1380,#1663,.T.);
#966=EDGE_CURVE('',#1380,#1381,#1664,.T.);
#967=EDGE_CURVE('',#1381,#1382,#1665,.T.);
#968=EDGE_CURVE('',#1382,#1383,#1666,.T.);
#969=EDGE_CURVE('',#1383,#1384,#1667,.T.);
#970=EDGE_CURVE('',#1384,#1385,#1668,.T.);
#971=EDGE_CURVE('',#1385,#1378,#1669,.T.);
#972=EDGE_CURVE('',#1386,#1386,#36,.F.);
#973=EDGE_CURVE('',#1387,#1387,#37,.F.);
#974=EDGE_CURVE('',#1388,#1388,#38,.F.);
#975=EDGE_CURVE('',#1389,#1389,#39,.F.);
#976=EDGE_CURVE('',#1390,#1391,#1670,.F.);
#977=EDGE_CURVE('',#1392,#1390,#1671,.F.);
#978=EDGE_CURVE('',#1393,#1392,#1672,.T.);
#979=EDGE_CURVE('',#1391,#1393,#1673,.T.);
#980=EDGE_CURVE('',#1394,#1395,#1674,.F.);
#981=EDGE_CURVE('',#1396,#1394,#1675,.F.);
#982=EDGE_CURVE('',#1397,#1396,#1676,.T.);
#983=EDGE_CURVE('',#1395,#1397,#1677,.T.);
#984=EDGE_CURVE('',#1398,#1399,#1678,.F.);
#985=EDGE_CURVE('',#1400,#1398,#1679,.F.);
#986=EDGE_CURVE('',#1401,#1400,#1680,.T.);
#987=EDGE_CURVE('',#1399,#1401,#1681,.T.);
#988=EDGE_CURVE('',#1402,#1403,#1682,.F.);
#989=EDGE_CURVE('',#1404,#1402,#1683,.F.);
#990=EDGE_CURVE('',#1405,#1404,#1684,.T.);
#991=EDGE_CURVE('',#1403,#1405,#1685,.T.);
#992=EDGE_CURVE('',#1406,#1407,#1686,.F.);
#993=EDGE_CURVE('',#1408,#1406,#1687,.F.);
#994=EDGE_CURVE('',#1409,#1408,#1688,.T.);
#995=EDGE_CURVE('',#1407,#1409,#1689,.T.);
#996=EDGE_CURVE('',#1410,#1411,#1690,.F.);
#997=EDGE_CURVE('',#1412,#1410,#1691,.F.);
#998=EDGE_CURVE('',#1413,#1412,#1692,.T.);
#999=EDGE_CURVE('',#1411,#1413,#1693,.T.);
#1000=EDGE_CURVE('',#1414,#1415,#1694,.F.);
#1001=EDGE_CURVE('',#1416,#1414,#1695,.F.);
#1002=EDGE_CURVE('',#1417,#1416,#1696,.T.);
#1003=EDGE_CURVE('',#1415,#1417,#1697,.T.);
#1004=EDGE_CURVE('',#1418,#1419,#1698,.F.);
#1005=EDGE_CURVE('',#1420,#1418,#1699,.F.);
#1006=EDGE_CURVE('',#1421,#1420,#1700,.T.);
#1007=EDGE_CURVE('',#1419,#1421,#1701,.T.);
#1008=EDGE_CURVE('',#1422,#1423,#1702,.F.);
#1009=EDGE_CURVE('',#1424,#1422,#1703,.F.);
#1010=EDGE_CURVE('',#1425,#1424,#1704,.T.);
#1011=EDGE_CURVE('',#1423,#1425,#1705,.T.);
#1012=EDGE_CURVE('',#1426,#1427,#1706,.F.);
#1013=EDGE_CURVE('',#1428,#1426,#1707,.F.);
#1014=EDGE_CURVE('',#1429,#1428,#1708,.T.);
#1015=EDGE_CURVE('',#1427,#1429,#1709,.T.);
#1016=EDGE_CURVE('',#1430,#1431,#1710,.F.);
#1017=EDGE_CURVE('',#1432,#1430,#1711,.F.);
#1018=EDGE_CURVE('',#1433,#1432,#1712,.T.);
#1019=EDGE_CURVE('',#1431,#1433,#1713,.T.);
#1020=EDGE_CURVE('',#1434,#1435,#1714,.F.);
#1021=EDGE_CURVE('',#1436,#1434,#1715,.F.);
#1022=EDGE_CURVE('',#1437,#1436,#1716,.T.);
#1023=EDGE_CURVE('',#1435,#1437,#1717,.T.);
#1024=EDGE_CURVE('',#1438,#1439,#1718,.T.);
#1025=EDGE_CURVE('',#1438,#1440,#1719,.T.);
#1026=EDGE_CURVE('',#1440,#1441,#40,.T.);
#1027=EDGE_CURVE('',#1441,#1442,#1720,.T.);
#1028=EDGE_CURVE('',#1442,#1443,#41,.T.);
#1029=EDGE_CURVE('',#1444,#1443,#1721,.T.);
#1030=EDGE_CURVE('',#1444,#1445,#42,.T.);
#1031=EDGE_CURVE('',#1446,#1445,#1722,.T.);
#1032=EDGE_CURVE('',#1446,#1447,#43,.T.);
#1033=EDGE_CURVE('',#1447,#1448,#1723,.T.);
#1034=EDGE_CURVE('',#1449,#1448,#1724,.T.);
#1035=EDGE_CURVE('',#1439,#1449,#1725,.T.);
#1036=EDGE_CURVE('',#1450,#1451,#1726,.T.);
#1037=EDGE_CURVE('',#1451,#1452,#1727,.T.);
#1038=EDGE_CURVE('',#1452,#1453,#1728,.T.);
#1039=EDGE_CURVE('',#1453,#1450,#1729,.T.);
#1040=EDGE_CURVE('',#1454,#1455,#1730,.T.);
#1041=EDGE_CURVE('',#1455,#1379,#1731,.T.);
#1042=EDGE_CURVE('',#1454,#1378,#1732,.T.);
#1043=EDGE_CURVE('',#1382,#1456,#1733,.T.);
#1044=EDGE_CURVE('',#1456,#1457,#1734,.T.);
#1045=EDGE_CURVE('',#1457,#1383,#1735,.T.);
#1046=EDGE_CURVE('',#1458,#1459,#1736,.T.);
#1047=EDGE_CURVE('',#1459,#1455,#1737,.T.);
#1048=EDGE_CURVE('',#1460,#1454,#1738,.T.);
#1049=EDGE_CURVE('',#1461,#1460,#1739,.T.);
#1050=EDGE_CURVE('',#1457,#1461,#1740,.T.);
#1051=EDGE_CURVE('',#1456,#1458,#1741,.T.);
#1052=EDGE_CURVE('',#1462,#1438,#1742,.T.);
#1053=EDGE_CURVE('',#1462,#1463,#1743,.T.);
#1054=EDGE_CURVE('',#1463,#1440,#1744,.F.);
#1055=EDGE_CURVE('',#1464,#1464,#44,.T.);
#1056=EDGE_CURVE('',#1465,#1465,#45,.T.);
#1057=EDGE_CURVE('',#1466,#1466,#46,.T.);
#1058=EDGE_CURVE('',#1467,#1467,#47,.T.);
#1059=EDGE_CURVE('',#1468,#1462,#1745,.T.);
#1060=EDGE_CURVE('',#1468,#1469,#1746,.T.);
#1061=EDGE_CURVE('',#1469,#1470,#1747,.T.);
#1062=EDGE_CURVE('',#1471,#1470,#1748,.T.);
#1063=EDGE_CURVE('',#1472,#1471,#1749,.T.);
#1064=EDGE_CURVE('',#1472,#1473,#1750,.T.);
#1065=EDGE_CURVE('',#1474,#1473,#1751,.T.);
#1066=EDGE_CURVE('',#1475,#1474,#1752,.T.);
#1067=EDGE_CURVE('',#1475,#1476,#48,.F.);
#1068=EDGE_CURVE('',#1476,#1477,#1753,.T.);
#1069=EDGE_CURVE('',#1477,#1478,#49,.F.);
#1070=EDGE_CURVE('',#1478,#1479,#1754,.T.);
#1071=EDGE_CURVE('',#1479,#1480,#50,.F.);
#1072=EDGE_CURVE('',#1481,#1480,#1755,.T.);
#1073=EDGE_CURVE('',#1481,#1463,#51,.F.);
#1074=EDGE_CURVE('',#1322,#1468,#1756,.T.);
#1075=EDGE_CURVE('',#1323,#1469,#1757,.T.);
#1076=EDGE_CURVE('',#1325,#1449,#1758,.T.);
#1077=EDGE_CURVE('',#1324,#1439,#1759,.T.);
#1078=EDGE_CURVE('',#1476,#1446,#1760,.F.);
#1079=EDGE_CURVE('',#1445,#1477,#1761,.T.);
#1080=EDGE_CURVE('',#1474,#1448,#1762,.T.);
#1081=EDGE_CURVE('',#1447,#1475,#1763,.T.);
#1082=EDGE_CURVE('',#1441,#1481,#1764,.T.);
#1083=EDGE_CURVE('',#1480,#1442,#1765,.F.);
#1084=EDGE_CURVE('',#1478,#1444,#1766,.F.);
#1085=EDGE_CURVE('',#1443,#1479,#1767,.T.);
#1086=EDGE_CURVE('',#1435,#1377,#1768,.F.);
#1087=EDGE_CURVE('',#1374,#1437,#1769,.F.);
#1088=EDGE_CURVE('',#1434,#1376,#1770,.T.);
#1089=EDGE_CURVE('',#1375,#1436,#1771,.F.);
#1090=EDGE_CURVE('',#1431,#1373,#1772,.F.);
#1091=EDGE_CURVE('',#1370,#1433,#1773,.F.);
#1092=EDGE_CURVE('',#1430,#1372,#1774,.T.);
#1093=EDGE_CURVE('',#1371,#1432,#1775,.F.);
#1094=EDGE_CURVE('',#1427,#1369,#1776,.F.);
#1095=EDGE_CURVE('',#1366,#1429,#1777,.F.);
#1096=EDGE_CURVE('',#1426,#1368,#1778,.T.);
#1097=EDGE_CURVE('',#1367,#1428,#1779,.F.);
#1098=EDGE_CURVE('',#1423,#1365,#1780,.F.);
#1099=EDGE_CURVE('',#1362,#1425,#1781,.F.);
#1100=EDGE_CURVE('',#1422,#1364,#1782,.T.);
#1101=EDGE_CURVE('',#1363,#1424,#1783,.F.);
#1102=EDGE_CURVE('',#1419,#1361,#1784,.F.);
#1103=EDGE_CURVE('',#1358,#1421,#1785,.F.);
#1104=EDGE_CURVE('',#1418,#1360,#1786,.T.);
#1105=EDGE_CURVE('',#1359,#1420,#1787,.F.);
#1106=EDGE_CURVE('',#1415,#1357,#1788,.F.);
#1107=EDGE_CURVE('',#1354,#1417,#1789,.F.);
#1108=EDGE_CURVE('',#1414,#1356,#1790,.T.);
#1109=EDGE_CURVE('',#1355,#1416,#1791,.F.);
#1110=EDGE_CURVE('',#1411,#1353,#1792,.F.);
#1111=EDGE_CURVE('',#1350,#1413,#1793,.F.);
#1112=EDGE_CURVE('',#1410,#1352,#1794,.T.);
#1113=EDGE_CURVE('',#1351,#1412,#1795,.F.);
#1114=EDGE_CURVE('',#1407,#1349,#1796,.F.);
#1115=EDGE_CURVE('',#1346,#1409,#1797,.F.);
#1116=EDGE_CURVE('',#1406,#1348,#1798,.T.);
#1117=EDGE_CURVE('',#1347,#1408,#1799,.F.);
#1118=EDGE_CURVE('',#1403,#1345,#1800,.F.);
#1119=EDGE_CURVE('',#1342,#1405,#1801,.F.);
#1120=EDGE_CURVE('',#1402,#1344,#1802,.T.);
#1121=EDGE_CURVE('',#1343,#1404,#1803,.F.);
#1122=EDGE_CURVE('',#1399,#1341,#1804,.F.);
#1123=EDGE_CURVE('',#1338,#1401,#1805,.F.);
#1124=EDGE_CURVE('',#1398,#1340,#1806,.T.);
#1125=EDGE_CURVE('',#1339,#1400,#1807,.F.);
#1126=EDGE_CURVE('',#1395,#1337,#1808,.F.);
#1127=EDGE_CURVE('',#1334,#1397,#1809,.F.);
#1128=EDGE_CURVE('',#1394,#1336,#1810,.T.);
#1129=EDGE_CURVE('',#1335,#1396,#1811,.F.);
#1130=EDGE_CURVE('',#1391,#1333,#1812,.F.);
#1131=EDGE_CURVE('',#1330,#1393,#1813,.F.);
#1132=EDGE_CURVE('',#1390,#1332,#1814,.T.);
#1133=EDGE_CURVE('',#1331,#1392,#1815,.F.);
#1134=EDGE_CURVE('',#1473,#1326,#1816,.T.);
#1135=EDGE_CURVE('',#1327,#1472,#1817,.T.);
#1136=EDGE_CURVE('',#1328,#1471,#1818,.T.);
#1137=EDGE_CURVE('',#1329,#1470,#1819,.T.);
#1138=EDGE_CURVE('',#1461,#1384,#1820,.T.);
#1139=EDGE_CURVE('',#1460,#1385,#1821,.T.);
#1140=EDGE_CURVE('',#1458,#1452,#1822,.T.);
#1141=EDGE_CURVE('',#1459,#1451,#1823,.T.);
#1142=EDGE_CURVE('',#1380,#1450,#1824,.T.);
#1143=EDGE_CURVE('',#1381,#1453,#1825,.T.);
#1144=EDGE_CURVE('',#1482,#1483,#1826,.T.);
#1145=EDGE_CURVE('',#1482,#1484,#52,.T.);
#1146=EDGE_CURVE('',#1485,#1484,#1827,.F.);
#1147=EDGE_CURVE('',#1485,#1483,#53,.F.);
#1148=EDGE_CURVE('',#1486,#1487,#1828,.T.);
#1149=EDGE_CURVE('',#1486,#1488,#54,.F.);
#1150=EDGE_CURVE('',#1489,#1488,#1829,.F.);
#1151=EDGE_CURVE('',#1489,#1487,#55,.T.);
#1152=EDGE_CURVE('',#1490,#1490,#56,.T.);
#1153=EDGE_CURVE('',#1491,#1491,#57,.T.);
#1154=EDGE_CURVE('',#1492,#1492,#58,.T.);
#1155=EDGE_CURVE('',#1493,#1493,#59,.T.);
#1156=EDGE_CURVE('',#1494,#1495,#1830,.T.);
#1157=EDGE_CURVE('',#1494,#1496,#1831,.T.);
#1158=EDGE_CURVE('',#1496,#1497,#1832,.T.);
#1159=EDGE_CURVE('',#1497,#1498,#60,.T.);
#1160=EDGE_CURVE('',#1498,#1499,#1833,.T.);
#1161=EDGE_CURVE('',#1499,#1500,#61,.T.);
#1162=EDGE_CURVE('',#1501,#1500,#1834,.T.);
#1163=EDGE_CURVE('',#1501,#1502,#62,.T.);
#1164=EDGE_CURVE('',#1503,#1502,#1835,.T.);
#1165=EDGE_CURVE('',#1503,#1504,#63,.T.);
#1166=EDGE_CURVE('',#1504,#1505,#1836,.T.);
#1167=EDGE_CURVE('',#1506,#1505,#1837,.T.);
#1168=EDGE_CURVE('',#1507,#1506,#1838,.T.);
#1169=EDGE_CURVE('',#1508,#1507,#1839,.T.);
#1170=EDGE_CURVE('',#1509,#1508,#1840,.T.);
#1171=EDGE_CURVE('',#1495,#1509,#1841,.T.);
#1172=EDGE_CURVE('',#1482,#1494,#1842,.T.);
#1173=EDGE_CURVE('',#1495,#1510,#1843,.T.);
#1174=EDGE_CURVE('',#1511,#1510,#1844,.T.);
#1175=EDGE_CURVE('',#1511,#1512,#1845,.T.);
#1176=EDGE_CURVE('',#1513,#1512,#1846,.T.);
#1177=EDGE_CURVE('',#1514,#1513,#1847,.T.);
#1178=EDGE_CURVE('',#1515,#1514,#1848,.T.);
#1179=EDGE_CURVE('',#1507,#1515,#1849,.T.);
#1180=EDGE_CURVE('',#1487,#1506,#1850,.T.);
#1181=EDGE_CURVE('',#1489,#1484,#1851,.T.);
#1182=EDGE_CURVE('',#1516,#1517,#1852,.T.);
#1183=EDGE_CURVE('',#1518,#1516,#1853,.T.);
#1184=EDGE_CURVE('',#1519,#1518,#1854,.T.);
#1185=EDGE_CURVE('',#1517,#1519,#1855,.T.);
#1186=EDGE_CURVE('',#1520,#1521,#1856,.T.);
#1187=EDGE_CURVE('',#1522,#1520,#1857,.T.);
#1188=EDGE_CURVE('',#1523,#1522,#1858,.T.);
#1189=EDGE_CURVE('',#1521,#1523,#1859,.T.);
#1190=EDGE_CURVE('',#1524,#1525,#1860,.T.);
#1191=EDGE_CURVE('',#1526,#1524,#1861,.T.);
#1192=EDGE_CURVE('',#1527,#1526,#1862,.T.);
#1193=EDGE_CURVE('',#1525,#1527,#1863,.T.);
#1194=EDGE_CURVE('',#1528,#1529,#1864,.T.);
#1195=EDGE_CURVE('',#1530,#1528,#1865,.T.);
#1196=EDGE_CURVE('',#1531,#1530,#1866,.T.);
#1197=EDGE_CURVE('',#1529,#1531,#1867,.T.);
#1198=EDGE_CURVE('',#1532,#1533,#1868,.T.);
#1199=EDGE_CURVE('',#1534,#1532,#1869,.T.);
#1200=EDGE_CURVE('',#1535,#1534,#1870,.T.);
#1201=EDGE_CURVE('',#1533,#1535,#1871,.T.);
#1202=EDGE_CURVE('',#1536,#1537,#1872,.T.);
#1203=EDGE_CURVE('',#1538,#1536,#1873,.T.);
#1204=EDGE_CURVE('',#1539,#1538,#1874,.T.);
#1205=EDGE_CURVE('',#1537,#1539,#1875,.T.);
#1206=EDGE_CURVE('',#1512,#1540,#1876,.T.);
#1207=EDGE_CURVE('',#1541,#1540,#1877,.T.);
#1208=EDGE_CURVE('',#1541,#1542,#1878,.T.);
#1209=EDGE_CURVE('',#1542,#1543,#1879,.T.);
#1210=EDGE_CURVE('',#1544,#1543,#1880,.T.);
#1211=EDGE_CURVE('',#1544,#1545,#1881,.T.);
#1212=EDGE_CURVE('',#1545,#1546,#1882,.T.);
#1213=EDGE_CURVE('',#1547,#1546,#1883,.T.);
#1214=EDGE_CURVE('',#1547,#1548,#1884,.T.);
#1215=EDGE_CURVE('',#1548,#1549,#1885,.T.);
#1216=EDGE_CURVE('',#1513,#1549,#1886,.T.);
#1217=EDGE_CURVE('',#1550,#1550,#64,.F.);
#1218=EDGE_CURVE('',#1551,#1551,#65,.F.);
#1219=EDGE_CURVE('',#1552,#1552,#66,.F.);
#1220=EDGE_CURVE('',#1553,#1553,#67,.F.);
#1221=EDGE_CURVE('',#1554,#1554,#68,.T.);
#1222=EDGE_CURVE('',#1555,#1555,#69,.T.);
#1223=EDGE_CURVE('',#1556,#1556,#70,.T.);
#1224=EDGE_CURVE('',#1557,#1557,#71,.T.);
#1225=EDGE_CURVE('',#1558,#1559,#1887,.T.);
#1226=EDGE_CURVE('',#1558,#1560,#72,.F.);
#1227=EDGE_CURVE('',#1561,#1560,#1888,.T.);
#1228=EDGE_CURVE('',#1561,#1562,#73,.F.);
#1229=EDGE_CURVE('',#1562,#1563,#1889,.T.);
#1230=EDGE_CURVE('',#1563,#1564,#74,.F.);
#1231=EDGE_CURVE('',#1564,#1565,#1890,.T.);
#1232=EDGE_CURVE('',#1565,#1559,#75,.F.);
#1233=EDGE_CURVE('',#1566,#1541,#1891,.T.);
#1234=EDGE_CURVE('',#1510,#1566,#1892,.T.);
#1235=EDGE_CURVE('',#1509,#1567,#1893,.T.);
#1236=EDGE_CURVE('',#1568,#1567,#1894,.T.);
#1237=EDGE_CURVE('',#1568,#1542,#1895,.T.);
#1238=EDGE_CURVE('',#1569,#1547,#1896,.T.);
#1239=EDGE_CURVE('',#1570,#1569,#1897,.T.);
#1240=EDGE_CURVE('',#1508,#1570,#1898,.T.);
#1241=EDGE_CURVE('',#1571,#1515,#1899,.T.);
#1242=EDGE_CURVE('',#1571,#1548,#1900,.T.);
#1243=EDGE_CURVE('',#1572,#1544,#1901,.T.);
#1244=EDGE_CURVE('',#1567,#1572,#1902,.T.);
#1245=EDGE_CURVE('',#1573,#1570,#1903,.T.);
#1246=EDGE_CURVE('',#1573,#1545,#1904,.T.);
#1247=EDGE_CURVE('',#1562,#1503,#1905,.F.);
#1248=EDGE_CURVE('',#1502,#1563,#1906,.T.);
#1249=EDGE_CURVE('',#1564,#1501,#1907,.F.);
#1250=EDGE_CURVE('',#1500,#1565,#1908,.T.);
#1251=EDGE_CURVE('',#1498,#1558,#1909,.T.);
#1252=EDGE_CURVE('',#1559,#1499,#1910,.F.);
#1253=EDGE_CURVE('',#1486,#1505,#1911,.T.);
#1254=EDGE_CURVE('',#1504,#1561,#1912,.T.);
#1255=EDGE_CURVE('',#1560,#1497,#1913,.F.);
#1256=EDGE_CURVE('',#1483,#1496,#1914,.T.);
#1257=EDGE_CURVE('',#1488,#1485,#1915,.T.);
#1258=EDGE_CURVE('',#1574,#1574,#76,.T.);
#1259=EDGE_CURVE('',#1575,#1575,#77,.T.);
#1260=EDGE_CURVE('',#1576,#1576,#78,.T.);
#1261=EDGE_CURVE('',#1577,#1577,#79,.T.);
#1262=EDGE_CURVE('',#1578,#1516,#1916,.T.);
#1263=EDGE_CURVE('',#1579,#1578,#1917,.T.);
#1264=EDGE_CURVE('',#1579,#1518,#1918,.T.);
#1265=EDGE_CURVE('',#1580,#1517,#1919,.T.);
#1266=EDGE_CURVE('',#1578,#1580,#1920,.T.);
#1267=EDGE_CURVE('',#1581,#1519,#1921,.T.);
#1268=EDGE_CURVE('',#1580,#1581,#1922,.T.);
#1269=EDGE_CURVE('',#1581,#1579,#1923,.T.);
#1270=EDGE_CURVE('',#1582,#1520,#1924,.T.);
#1271=EDGE_CURVE('',#1583,#1582,#1925,.T.);
#1272=EDGE_CURVE('',#1583,#1522,#1926,.T.);
#1273=EDGE_CURVE('',#1584,#1521,#1927,.T.);
#1274=EDGE_CURVE('',#1582,#1584,#1928,.T.);
#1275=EDGE_CURVE('',#1585,#1523,#1929,.T.);
#1276=EDGE_CURVE('',#1584,#1585,#1930,.T.);
#1277=EDGE_CURVE('',#1585,#1583,#1931,.T.);
#1278=EDGE_CURVE('',#1586,#1524,#1932,.T.);
#1279=EDGE_CURVE('',#1587,#1586,#1933,.T.);
#1280=EDGE_CURVE('',#1587,#1526,#1934,.T.);
#1281=EDGE_CURVE('',#1588,#1525,#1935,.T.);
#1282=EDGE_CURVE('',#1586,#1588,#1936,.T.);
#1283=EDGE_CURVE('',#1589,#1527,#1937,.T.);
#1284=EDGE_CURVE('',#1588,#1589,#1938,.T.);
#1285=EDGE_CURVE('',#1589,#1587,#1939,.T.);
#1286=EDGE_CURVE('',#1590,#1528,#1940,.T.);
#1287=EDGE_CURVE('',#1591,#1590,#1941,.T.);
#1288=EDGE_CURVE('',#1591,#1530,#1942,.T.);
#1289=EDGE_CURVE('',#1592,#1529,#1943,.T.);
#1290=EDGE_CURVE('',#1590,#1592,#1944,.T.);
#1291=EDGE_CURVE('',#1593,#1531,#1945,.T.);
#1292=EDGE_CURVE('',#1592,#1593,#1946,.T.);
#1293=EDGE_CURVE('',#1593,#1591,#1947,.T.);
#1294=EDGE_CURVE('',#1594,#1532,#1948,.T.);
#1295=EDGE_CURVE('',#1595,#1594,#1949,.T.);
#1296=EDGE_CURVE('',#1595,#1534,#1950,.T.);
#1297=EDGE_CURVE('',#1596,#1533,#1951,.T.);
#1298=EDGE_CURVE('',#1594,#1596,#1952,.T.);
#1299=EDGE_CURVE('',#1597,#1535,#1953,.T.);
#1300=EDGE_CURVE('',#1596,#1597,#1954,.T.);
#1301=EDGE_CURVE('',#1597,#1595,#1955,.T.);
#1302=EDGE_CURVE('',#1598,#1536,#1956,.T.);
#1303=EDGE_CURVE('',#1599,#1598,#1957,.T.);
#1304=EDGE_CURVE('',#1599,#1538,#1958,.T.);
#1305=EDGE_CURVE('',#1600,#1537,#1959,.T.);
#1306=EDGE_CURVE('',#1598,#1600,#1960,.T.);
#1307=EDGE_CURVE('',#1601,#1539,#1961,.T.);
#1308=EDGE_CURVE('',#1600,#1601,#1962,.T.);
#1309=EDGE_CURVE('',#1601,#1599,#1963,.T.);
#1310=EDGE_CURVE('',#1571,#1602,#1964,.T.);
#1311=EDGE_CURVE('',#1602,#1549,#1965,.T.);
#1312=EDGE_CURVE('',#1514,#1602,#1966,.T.);
#1313=EDGE_CURVE('',#1603,#1546,#1967,.T.);
#1314=EDGE_CURVE('',#1569,#1603,#1968,.T.);
#1315=EDGE_CURVE('',#1573,#1603,#1969,.T.);
#1316=EDGE_CURVE('',#1568,#1604,#1970,.T.);
#1317=EDGE_CURVE('',#1604,#1543,#1971,.T.);
#1318=EDGE_CURVE('',#1572,#1604,#1972,.T.);
#1319=EDGE_CURVE('',#1605,#1540,#1973,.T.);
#1320=EDGE_CURVE('',#1566,#1605,#1974,.T.);
#1321=EDGE_CURVE('',#1511,#1605,#1975,.T.);
#1322=VERTEX_POINT('',#4079);
#1323=VERTEX_POINT('',#4080);
#1324=VERTEX_POINT('',#4082);
#1325=VERTEX_POINT('',#4084);
#1326=VERTEX_POINT('',#4086);
#1327=VERTEX_POINT('',#4088);
#1328=VERTEX_POINT('',#4090);
#1329=VERTEX_POINT('',#4092);
#1330=VERTEX_POINT('',#4095);
#1331=VERTEX_POINT('',#4096);
#1332=VERTEX_POINT('',#4098);
#1333=VERTEX_POINT('',#4100);
#1334=VERTEX_POINT('',#4103);
#1335=VERTEX_POINT('',#4104);
#1336=VERTEX_POINT('',#4106);
#1337=VERTEX_POINT('',#4108);
#1338=VERTEX_POINT('',#4111);
#1339=VERTEX_POINT('',#4112);
#1340=VERTEX_POINT('',#4114);
#1341=VERTEX_POINT('',#4116);
#1342=VERTEX_POINT('',#4119);
#1343=VERTEX_POINT('',#4120);
#1344=VERTEX_POINT('',#4122);
#1345=VERTEX_POINT('',#4124);
#1346=VERTEX_POINT('',#4127);
#1347=VERTEX_POINT('',#4128);
#1348=VERTEX_POINT('',#4130);
#1349=VERTEX_POINT('',#4132);
#1350=VERTEX_POINT('',#4135);
#1351=VERTEX_POINT('',#4136);
#1352=VERTEX_POINT('',#4138);
#1353=VERTEX_POINT('',#4140);
#1354=VERTEX_POINT('',#4143);
#1355=VERTEX_POINT('',#4144);
#1356=VERTEX_POINT('',#4146);
#1357=VERTEX_POINT('',#4148);
#1358=VERTEX_POINT('',#4151);
#1359=VERTEX_POINT('',#4152);
#1360=VERTEX_POINT('',#4154);
#1361=VERTEX_POINT('',#4156);
#1362=VERTEX_POINT('',#4159);
#1363=VERTEX_POINT('',#4160);
#1364=VERTEX_POINT('',#4162);
#1365=VERTEX_POINT('',#4164);
#1366=VERTEX_POINT('',#4167);
#1367=VERTEX_POINT('',#4168);
#1368=VERTEX_POINT('',#4170);
#1369=VERTEX_POINT('',#4172);
#1370=VERTEX_POINT('',#4175);
#1371=VERTEX_POINT('',#4176);
#1372=VERTEX_POINT('',#4178);
#1373=VERTEX_POINT('',#4180);
#1374=VERTEX_POINT('',#4183);
#1375=VERTEX_POINT('',#4184);
#1376=VERTEX_POINT('',#4186);
#1377=VERTEX_POINT('',#4188);
#1378=VERTEX_POINT('',#4191);
#1379=VERTEX_POINT('',#4192);
#1380=VERTEX_POINT('',#4194);
#1381=VERTEX_POINT('',#4196);
#1382=VERTEX_POINT('',#4198);
#1383=VERTEX_POINT('',#4200);
#1384=VERTEX_POINT('',#4202);
#1385=VERTEX_POINT('',#4204);
#1386=VERTEX_POINT('',#4208);
#1387=VERTEX_POINT('',#4210);
#1388=VERTEX_POINT('',#4212);
#1389=VERTEX_POINT('',#4214);
#1390=VERTEX_POINT('',#4216);
#1391=VERTEX_POINT('',#4217);
#1392=VERTEX_POINT('',#4219);
#1393=VERTEX_POINT('',#4221);
#1394=VERTEX_POINT('',#4224);
#1395=VERTEX_POINT('',#4225);
#1396=VERTEX_POINT('',#4227);
#1397=VERTEX_POINT('',#4229);
#1398=VERTEX_POINT('',#4232);
#1399=VERTEX_POINT('',#4233);
#1400=VERTEX_POINT('',#4235);
#1401=VERTEX_POINT('',#4237);
#1402=VERTEX_POINT('',#4240);
#1403=VERTEX_POINT('',#4241);
#1404=VERTEX_POINT('',#4243);
#1405=VERTEX_POINT('',#4245);
#1406=VERTEX_POINT('',#4248);
#1407=VERTEX_POINT('',#4249);
#1408=VERTEX_POINT('',#4251);
#1409=VERTEX_POINT('',#4253);
#1410=VERTEX_POINT('',#4256);
#1411=VERTEX_POINT('',#4257);
#1412=VERTEX_POINT('',#4259);
#1413=VERTEX_POINT('',#4261);
#1414=VERTEX_POINT('',#4264);
#1415=VERTEX_POINT('',#4265);
#1416=VERTEX_POINT('',#4267);
#1417=VERTEX_POINT('',#4269);
#1418=VERTEX_POINT('',#4272);
#1419=VERTEX_POINT('',#4273);
#1420=VERTEX_POINT('',#4275);
#1421=VERTEX_POINT('',#4277);
#1422=VERTEX_POINT('',#4280);
#1423=VERTEX_POINT('',#4281);
#1424=VERTEX_POINT('',#4283);
#1425=VERTEX_POINT('',#4285);
#1426=VERTEX_POINT('',#4288);
#1427=VERTEX_POINT('',#4289);
#1428=VERTEX_POINT('',#4291);
#1429=VERTEX_POINT('',#4293);
#1430=VERTEX_POINT('',#4296);
#1431=VERTEX_POINT('',#4297);
#1432=VERTEX_POINT('',#4299);
#1433=VERTEX_POINT('',#4301);
#1434=VERTEX_POINT('',#4304);
#1435=VERTEX_POINT('',#4305);
#1436=VERTEX_POINT('',#4307);
#1437=VERTEX_POINT('',#4309);
#1438=VERTEX_POINT('',#4312);
#1439=VERTEX_POINT('',#4313);
#1440=VERTEX_POINT('',#4315);
#1441=VERTEX_POINT('',#4317);
#1442=VERTEX_POINT('',#4319);
#1443=VERTEX_POINT('',#4321);
#1444=VERTEX_POINT('',#4323);
#1445=VERTEX_POINT('',#4325);
#1446=VERTEX_POINT('',#4327);
#1447=VERTEX_POINT('',#4329);
#1448=VERTEX_POINT('',#4331);
#1449=VERTEX_POINT('',#4333);
#1450=VERTEX_POINT('',#4336);
#1451=VERTEX_POINT('',#4337);
#1452=VERTEX_POINT('',#4339);
#1453=VERTEX_POINT('',#4341);
#1454=VERTEX_POINT('',#4345);
#1455=VERTEX_POINT('',#4346);
#1456=VERTEX_POINT('',#4351);
#1457=VERTEX_POINT('',#4353);
#1458=VERTEX_POINT('',#4357);
#1459=VERTEX_POINT('',#4358);
#1460=VERTEX_POINT('',#4361);
#1461=VERTEX_POINT('',#4363);
#1462=VERTEX_POINT('',#4368);
#1463=VERTEX_POINT('',#4370);
#1464=VERTEX_POINT('',#4374);
#1465=VERTEX_POINT('',#4376);
#1466=VERTEX_POINT('',#4378);
#1467=VERTEX_POINT('',#4380);
#1468=VERTEX_POINT('',#4382);
#1469=VERTEX_POINT('',#4384);
#1470=VERTEX_POINT('',#4386);
#1471=VERTEX_POINT('',#4388);
#1472=VERTEX_POINT('',#4390);
#1473=VERTEX_POINT('',#4392);
#1474=VERTEX_POINT('',#4394);
#1475=VERTEX_POINT('',#4396);
#1476=VERTEX_POINT('',#4398);
#1477=VERTEX_POINT('',#4400);
#1478=VERTEX_POINT('',#4402);
#1479=VERTEX_POINT('',#4404);
#1480=VERTEX_POINT('',#4406);
#1481=VERTEX_POINT('',#4408);
#1482=VERTEX_POINT('',#4558);
#1483=VERTEX_POINT('',#4559);
#1484=VERTEX_POINT('',#4561);
#1485=VERTEX_POINT('',#4563);
#1486=VERTEX_POINT('',#4567);
#1487=VERTEX_POINT('',#4568);
#1488=VERTEX_POINT('',#4570);
#1489=VERTEX_POINT('',#4572);
#1490=VERTEX_POINT('',#4576);
#1491=VERTEX_POINT('',#4578);
#1492=VERTEX_POINT('',#4580);
#1493=VERTEX_POINT('',#4582);
#1494=VERTEX_POINT('',#4584);
#1495=VERTEX_POINT('',#4585);
#1496=VERTEX_POINT('',#4587);
#1497=VERTEX_POINT('',#4589);
#1498=VERTEX_POINT('',#4591);
#1499=VERTEX_POINT('',#4593);
#1500=VERTEX_POINT('',#4595);
#1501=VERTEX_POINT('',#4597);
#1502=VERTEX_POINT('',#4599);
#1503=VERTEX_POINT('',#4601);
#1504=VERTEX_POINT('',#4603);
#1505=VERTEX_POINT('',#4605);
#1506=VERTEX_POINT('',#4607);
#1507=VERTEX_POINT('',#4609);
#1508=VERTEX_POINT('',#4611);
#1509=VERTEX_POINT('',#4613);
#1510=VERTEX_POINT('',#4618);
#1511=VERTEX_POINT('',#4620);
#1512=VERTEX_POINT('',#4622);
#1513=VERTEX_POINT('',#4624);
#1514=VERTEX_POINT('',#4626);
#1515=VERTEX_POINT('',#4628);
#1516=VERTEX_POINT('',#4634);
#1517=VERTEX_POINT('',#4635);
#1518=VERTEX_POINT('',#4637);
#1519=VERTEX_POINT('',#4639);
#1520=VERTEX_POINT('',#4642);
#1521=VERTEX_POINT('',#4643);
#1522=VERTEX_POINT('',#4645);
#1523=VERTEX_POINT('',#4647);
#1524=VERTEX_POINT('',#4650);
#1525=VERTEX_POINT('',#4651);
#1526=VERTEX_POINT('',#4653);
#1527=VERTEX_POINT('',#4655);
#1528=VERTEX_POINT('',#4658);
#1529=VERTEX_POINT('',#4659);
#1530=VERTEX_POINT('',#4661);
#1531=VERTEX_POINT('',#4663);
#1532=VERTEX_POINT('',#4666);
#1533=VERTEX_POINT('',#4667);
#1534=VERTEX_POINT('',#4669);
#1535=VERTEX_POINT('',#4671);
#1536=VERTEX_POINT('',#4674);
#1537=VERTEX_POINT('',#4675);
#1538=VERTEX_POINT('',#4677);
#1539=VERTEX_POINT('',#4679);
#1540=VERTEX_POINT('',#4682);
#1541=VERTEX_POINT('',#4684);
#1542=VERTEX_POINT('',#4686);
#1543=VERTEX_POINT('',#4688);
#1544=VERTEX_POINT('',#4690);
#1545=VERTEX_POINT('',#4692);
#1546=VERTEX_POINT('',#4694);
#1547=VERTEX_POINT('',#4696);
#1548=VERTEX_POINT('',#4698);
#1549=VERTEX_POINT('',#4700);
#1550=VERTEX_POINT('',#4704);
#1551=VERTEX_POINT('',#4707);
#1552=VERTEX_POINT('',#4710);
#1553=VERTEX_POINT('',#4713);
#1554=VERTEX_POINT('',#4716);
#1555=VERTEX_POINT('',#4718);
#1556=VERTEX_POINT('',#4720);
#1557=VERTEX_POINT('',#4722);
#1558=VERTEX_POINT('',#4724);
#1559=VERTEX_POINT('',#4725);
#1560=VERTEX_POINT('',#4727);
#1561=VERTEX_POINT('',#4729);
#1562=VERTEX_POINT('',#4731);
#1563=VERTEX_POINT('',#4733);
#1564=VERTEX_POINT('',#4735);
#1565=VERTEX_POINT('',#4737);
#1566=VERTEX_POINT('',#4741);
#1567=VERTEX_POINT('',#4744);
#1568=VERTEX_POINT('',#4746);
#1569=VERTEX_POINT('',#4750);
#1570=VERTEX_POINT('',#4752);
#1571=VERTEX_POINT('',#4755);
#1572=VERTEX_POINT('',#4759);
#1573=VERTEX_POINT('',#4762);
#1574=VERTEX_POINT('',#4781);
#1575=VERTEX_POINT('',#4785);
#1576=VERTEX_POINT('',#4789);
#1577=VERTEX_POINT('',#4793);
#1578=VERTEX_POINT('',#4797);
#1579=VERTEX_POINT('',#4799);
#1580=VERTEX_POINT('',#4803);
#1581=VERTEX_POINT('',#4807);
#1582=VERTEX_POINT('',#4814);
#1583=VERTEX_POINT('',#4816);
#1584=VERTEX_POINT('',#4820);
#1585=VERTEX_POINT('',#4824);
#1586=VERTEX_POINT('',#4831);
#1587=VERTEX_POINT('',#4833);
#1588=VERTEX_POINT('',#4837);
#1589=VERTEX_POINT('',#4841);
#1590=VERTEX_POINT('',#4848);
#1591=VERTEX_POINT('',#4850);
#1592=VERTEX_POINT('',#4854);
#1593=VERTEX_POINT('',#4858);
#1594=VERTEX_POINT('',#4865);
#1595=VERTEX_POINT('',#4867);
#1596=VERTEX_POINT('',#4871);
#1597=VERTEX_POINT('',#4875);
#1598=VERTEX_POINT('',#4882);
#1599=VERTEX_POINT('',#4884);
#1600=VERTEX_POINT('',#4888);
#1601=VERTEX_POINT('',#4892);
#1602=VERTEX_POINT('',#4899);
#1603=VERTEX_POINT('',#4906);
#1604=VERTEX_POINT('',#4913);
#1605=VERTEX_POINT('',#4920);
#1606=LINE('',#4078,#1976);
#1607=LINE('',#4081,#1977);
#1608=LINE('',#4083,#1978);
#1609=LINE('',#4085,#1979);
#1610=LINE('',#4087,#1980);
#1611=LINE('',#4089,#1981);
#1612=LINE('',#4091,#1982);
#1613=LINE('',#4093,#1983);
#1614=LINE('',#4094,#1984);
#1615=LINE('',#4097,#1985);
#1616=LINE('',#4099,#1986);
#1617=LINE('',#4101,#1987);
#1618=LINE('',#4102,#1988);
#1619=LINE('',#4105,#1989);
#1620=LINE('',#4107,#1990);
#1621=LINE('',#4109,#1991);
#1622=LINE('',#4110,#1992);
#1623=LINE('',#4113,#1993);
#1624=LINE('',#4115,#1994);
#1625=LINE('',#4117,#1995);
#1626=LINE('',#4118,#1996);
#1627=LINE('',#4121,#1997);
#1628=LINE('',#4123,#1998);
#1629=LINE('',#4125,#1999);
#1630=LINE('',#4126,#2000);
#1631=LINE('',#4129,#2001);
#1632=LINE('',#4131,#2002);
#1633=LINE('',#4133,#2003);
#1634=LINE('',#4134,#2004);
#1635=LINE('',#4137,#2005);
#1636=LINE('',#4139,#2006);
#1637=LINE('',#4141,#2007);
#1638=LINE('',#4142,#2008);
#1639=LINE('',#4145,#2009);
#1640=LINE('',#4147,#2010);
#1641=LINE('',#4149,#2011);
#1642=LINE('',#4150,#2012);
#1643=LINE('',#4153,#2013);
#1644=LINE('',#4155,#2014);
#1645=LINE('',#4157,#2015);
#1646=LINE('',#4158,#2016);
#1647=LINE('',#4161,#2017);
#1648=LINE('',#4163,#2018);
#1649=LINE('',#4165,#2019);
#1650=LINE('',#4166,#2020);
#1651=LINE('',#4169,#2021);
#1652=LINE('',#4171,#2022);
#1653=LINE('',#4173,#2023);
#1654=LINE('',#4174,#2024);
#1655=LINE('',#4177,#2025);
#1656=LINE('',#4179,#2026);
#1657=LINE('',#4181,#2027);
#1658=LINE('',#4182,#2028);
#1659=LINE('',#4185,#2029);
#1660=LINE('',#4187,#2030);
#1661=LINE('',#4189,#2031);
#1662=LINE('',#4190,#2032);
#1663=LINE('',#4193,#2033);
#1664=LINE('',#4195,#2034);
#1665=LINE('',#4197,#2035);
#1666=LINE('',#4199,#2036);
#1667=LINE('',#4201,#2037);
#1668=LINE('',#4203,#2038);
#1669=LINE('',#4205,#2039);
#1670=LINE('',#4215,#2040);
#1671=LINE('',#4218,#2041);
#1672=LINE('',#4220,#2042);
#1673=LINE('',#4222,#2043);
#1674=LINE('',#4223,#2044);
#1675=LINE('',#4226,#2045);
#1676=LINE('',#4228,#2046);
#1677=LINE('',#4230,#2047);
#1678=LINE('',#4231,#2048);
#1679=LINE('',#4234,#2049);
#1680=LINE('',#4236,#2050);
#1681=LINE('',#4238,#2051);
#1682=LINE('',#4239,#2052);
#1683=LINE('',#4242,#2053);
#1684=LINE('',#4244,#2054);
#1685=LINE('',#4246,#2055);
#1686=LINE('',#4247,#2056);
#1687=LINE('',#4250,#2057);
#1688=LINE('',#4252,#2058);
#1689=LINE('',#4254,#2059);
#1690=LINE('',#4255,#2060);
#1691=LINE('',#4258,#2061);
#1692=LINE('',#4260,#2062);
#1693=LINE('',#4262,#2063);
#1694=LINE('',#4263,#2064);
#1695=LINE('',#4266,#2065);
#1696=LINE('',#4268,#2066);
#1697=LINE('',#4270,#2067);
#1698=LINE('',#4271,#2068);
#1699=LINE('',#4274,#2069);
#1700=LINE('',#4276,#2070);
#1701=LINE('',#4278,#2071);
#1702=LINE('',#4279,#2072);
#1703=LINE('',#4282,#2073);
#1704=LINE('',#4284,#2074);
#1705=LINE('',#4286,#2075);
#1706=LINE('',#4287,#2076);
#1707=LINE('',#4290,#2077);
#1708=LINE('',#4292,#2078);
#1709=LINE('',#4294,#2079);
#1710=LINE('',#4295,#2080);
#1711=LINE('',#4298,#2081);
#1712=LINE('',#4300,#2082);
#1713=LINE('',#4302,#2083);
#1714=LINE('',#4303,#2084);
#1715=LINE('',#4306,#2085);
#1716=LINE('',#4308,#2086);
#1717=LINE('',#4310,#2087);
#1718=LINE('',#4311,#2088);
#1719=LINE('',#4314,#2089);
#1720=LINE('',#4318,#2090);
#1721=LINE('',#4322,#2091);
#1722=LINE('',#4326,#2092);
#1723=LINE('',#4330,#2093);
#1724=LINE('',#4332,#2094);
#1725=LINE('',#4334,#2095);
#1726=LINE('',#4335,#2096);
#1727=LINE('',#4338,#2097);
#1728=LINE('',#4340,#2098);
#1729=LINE('',#4342,#2099);
#1730=LINE('',#4344,#2100);
#1731=LINE('',#4347,#2101);
#1732=LINE('',#4348,#2102);
#1733=LINE('',#4350,#2103);
#1734=LINE('',#4352,#2104);
#1735=LINE('',#4354,#2105);
#1736=LINE('',#4356,#2106);
#1737=LINE('',#4359,#2107);
#1738=LINE('',#4360,#2108);
#1739=LINE('',#4362,#2109);
#1740=LINE('',#4364,#2110);
#1741=LINE('',#4365,#2111);
#1742=LINE('',#4367,#2112);
#1743=LINE('',#4369,#2113);
#1744=LINE('',#4371,#2114);
#1745=LINE('',#4381,#2115);
#1746=LINE('',#4383,#2116);
#1747=LINE('',#4385,#2117);
#1748=LINE('',#4387,#2118);
#1749=LINE('',#4389,#2119);
#1750=LINE('',#4391,#2120);
#1751=LINE('',#4393,#2121);
#1752=LINE('',#4395,#2122);
#1753=LINE('',#4399,#2123);
#1754=LINE('',#4403,#2124);
#1755=LINE('',#4407,#2125);
#1756=LINE('',#4411,#2126);
#1757=LINE('',#4412,#2127);
#1758=LINE('',#4414,#2128);
#1759=LINE('',#4415,#2129);
#1760=LINE('',#4417,#2130);
#1761=LINE('',#4418,#2131);
#1762=LINE('',#4420,#2132);
#1763=LINE('',#4421,#2133);
#1764=LINE('',#4423,#2134);
#1765=LINE('',#4424,#2135);
#1766=LINE('',#4426,#2136);
#1767=LINE('',#4427,#2137);
#1768=LINE('',#4433,#2138);
#1769=LINE('',#4434,#2139);
#1770=LINE('',#4436,#2140);
#1771=LINE('',#4438,#2141);
#1772=LINE('',#4441,#2142);
#1773=LINE('',#4442,#2143);
#1774=LINE('',#4444,#2144);
#1775=LINE('',#4446,#2145);
#1776=LINE('',#4449,#2146);
#1777=LINE('',#4450,#2147);
#1778=LINE('',#4452,#2148);
#1779=LINE('',#4454,#2149);
#1780=LINE('',#4457,#2150);
#1781=LINE('',#4458,#2151);
#1782=LINE('',#4460,#2152);
#1783=LINE('',#4462,#2153);
#1784=LINE('',#4465,#2154);
#1785=LINE('',#4466,#2155);
#1786=LINE('',#4468,#2156);
#1787=LINE('',#4470,#2157);
#1788=LINE('',#4473,#2158);
#1789=LINE('',#4474,#2159);
#1790=LINE('',#4476,#2160);
#1791=LINE('',#4478,#2161);
#1792=LINE('',#4481,#2162);
#1793=LINE('',#4482,#2163);
#1794=LINE('',#4484,#2164);
#1795=LINE('',#4486,#2165);
#1796=LINE('',#4489,#2166);
#1797=LINE('',#4490,#2167);
#1798=LINE('',#4492,#2168);
#1799=LINE('',#4494,#2169);
#1800=LINE('',#4497,#2170);
#1801=LINE('',#4498,#2171);
#1802=LINE('',#4500,#2172);
#1803=LINE('',#4502,#2173);
#1804=LINE('',#4505,#2174);
#1805=LINE('',#4506,#2175);
#1806=LINE('',#4508,#2176);
#1807=LINE('',#4510,#2177);
#1808=LINE('',#4513,#2178);
#1809=LINE('',#4514,#2179);
#1810=LINE('',#4516,#2180);
#1811=LINE('',#4518,#2181);
#1812=LINE('',#4521,#2182);
#1813=LINE('',#4522,#2183);
#1814=LINE('',#4524,#2184);
#1815=LINE('',#4526,#2185);
#1816=LINE('',#4529,#2186);
#1817=LINE('',#4530,#2187);
#1818=LINE('',#4532,#2188);
#1819=LINE('',#4534,#2189);
#1820=LINE('',#4541,#2190);
#1821=LINE('',#4543,#2191);
#1822=LINE('',#4548,#2192);
#1823=LINE('',#4549,#2193);
#1824=LINE('',#4551,#2194);
#1825=LINE('',#4553,#2195);
#1826=LINE('',#4557,#2196);
#1827=LINE('',#4562,#2197);
#1828=LINE('',#4566,#2198);
#1829=LINE('',#4571,#2199);
#1830=LINE('',#4583,#2200);
#1831=LINE('',#4586,#2201);
#1832=LINE('',#4588,#2202);
#1833=LINE('',#4592,#2203);
#1834=LINE('',#4596,#2204);
#1835=LINE('',#4600,#2205);
#1836=LINE('',#4604,#2206);
#1837=LINE('',#4606,#2207);
#1838=LINE('',#4608,#2208);
#1839=LINE('',#4610,#2209);
#1840=LINE('',#4612,#2210);
#1841=LINE('',#4614,#2211);
#1842=LINE('',#4616,#2212);
#1843=LINE('',#4617,#2213);
#1844=LINE('',#4619,#2214);
#1845=LINE('',#4621,#2215);
#1846=LINE('',#4623,#2216);
#1847=LINE('',#4625,#2217);
#1848=LINE('',#4627,#2218);
#1849=LINE('',#4629,#2219);
#1850=LINE('',#4630,#2220);
#1851=LINE('',#4631,#2221);
#1852=LINE('',#4633,#2222);
#1853=LINE('',#4636,#2223);
#1854=LINE('',#4638,#2224);
#1855=LINE('',#4640,#2225);
#1856=LINE('',#4641,#2226);
#1857=LINE('',#4644,#2227);
#1858=LINE('',#4646,#2228);
#1859=LINE('',#4648,#2229);
#1860=LINE('',#4649,#2230);
#1861=LINE('',#4652,#2231);
#1862=LINE('',#4654,#2232);
#1863=LINE('',#4656,#2233);
#1864=LINE('',#4657,#2234);
#1865=LINE('',#4660,#2235);
#1866=LINE('',#4662,#2236);
#1867=LINE('',#4664,#2237);
#1868=LINE('',#4665,#2238);
#1869=LINE('',#4668,#2239);
#1870=LINE('',#4670,#2240);
#1871=LINE('',#4672,#2241);
#1872=LINE('',#4673,#2242);
#1873=LINE('',#4676,#2243);
#1874=LINE('',#4678,#2244);
#1875=LINE('',#4680,#2245);
#1876=LINE('',#4681,#2246);
#1877=LINE('',#4683,#2247);
#1878=LINE('',#4685,#2248);
#1879=LINE('',#4687,#2249);
#1880=LINE('',#4689,#2250);
#1881=LINE('',#4691,#2251);
#1882=LINE('',#4693,#2252);
#1883=LINE('',#4695,#2253);
#1884=LINE('',#4697,#2254);
#1885=LINE('',#4699,#2255);
#1886=LINE('',#4701,#2256);
#1887=LINE('',#4723,#2257);
#1888=LINE('',#4728,#2258);
#1889=LINE('',#4732,#2259);
#1890=LINE('',#4736,#2260);
#1891=LINE('',#4740,#2261);
#1892=LINE('',#4742,#2262);
#1893=LINE('',#4743,#2263);
#1894=LINE('',#4745,#2264);
#1895=LINE('',#4747,#2265);
#1896=LINE('',#4749,#2266);
#1897=LINE('',#4751,#2267);
#1898=LINE('',#4753,#2268);
#1899=LINE('',#4754,#2269);
#1900=LINE('',#4756,#2270);
#1901=LINE('',#4758,#2271);
#1902=LINE('',#4760,#2272);
#1903=LINE('',#4761,#2273);
#1904=LINE('',#4763,#2274);
#1905=LINE('',#4765,#2275);
#1906=LINE('',#4766,#2276);
#1907=LINE('',#4768,#2277);
#1908=LINE('',#4769,#2278);
#1909=LINE('',#4771,#2279);
#1910=LINE('',#4772,#2280);
#1911=LINE('',#4774,#2281);
#1912=LINE('',#4775,#2282);
#1913=LINE('',#4776,#2283);
#1914=LINE('',#4777,#2284);
#1915=LINE('',#4778,#2285);
#1916=LINE('',#4796,#2286);
#1917=LINE('',#4798,#2287);
#1918=LINE('',#4800,#2288);
#1919=LINE('',#4802,#2289);
#1920=LINE('',#4804,#2290);
#1921=LINE('',#4806,#2291);
#1922=LINE('',#4808,#2292);
#1923=LINE('',#4810,#2293);
#1924=LINE('',#4813,#2294);
#1925=LINE('',#4815,#2295);
#1926=LINE('',#4817,#2296);
#1927=LINE('',#4819,#2297);
#1928=LINE('',#4821,#2298);
#1929=LINE('',#4823,#2299);
#1930=LINE('',#4825,#2300);
#1931=LINE('',#4827,#2301);
#1932=LINE('',#4830,#2302);
#1933=LINE('',#4832,#2303);
#1934=LINE('',#4834,#2304);
#1935=LINE('',#4836,#2305);
#1936=LINE('',#4838,#2306);
#1937=LINE('',#4840,#2307);
#1938=LINE('',#4842,#2308);
#1939=LINE('',#4844,#2309);
#1940=LINE('',#4847,#2310);
#1941=LINE('',#4849,#2311);
#1942=LINE('',#4851,#2312);
#1943=LINE('',#4853,#2313);
#1944=LINE('',#4855,#2314);
#1945=LINE('',#4857,#2315);
#1946=LINE('',#4859,#2316);
#1947=LINE('',#4861,#2317);
#1948=LINE('',#4864,#2318);
#1949=LINE('',#4866,#2319);
#1950=LINE('',#4868,#2320);
#1951=LINE('',#4870,#2321);
#1952=LINE('',#4872,#2322);
#1953=LINE('',#4874,#2323);
#1954=LINE('',#4876,#2324);
#1955=LINE('',#4878,#2325);
#1956=LINE('',#4881,#2326);
#1957=LINE('',#4883,#2327);
#1958=LINE('',#4885,#2328);
#1959=LINE('',#4887,#2329);
#1960=LINE('',#4889,#2330);
#1961=LINE('',#4891,#2331);
#1962=LINE('',#4893,#2332);
#1963=LINE('',#4895,#2333);
#1964=LINE('',#4898,#2334);
#1965=LINE('',#4900,#2335);
#1966=LINE('',#4902,#2336);
#1967=LINE('',#4905,#2337);
#1968=LINE('',#4907,#2338);
#1969=LINE('',#4909,#2339);
#1970=LINE('',#4912,#2340);
#1971=LINE('',#4914,#2341);
#1972=LINE('',#4916,#2342);
#1973=LINE('',#4919,#2343);
#1974=LINE('',#4921,#2344);
#1975=LINE('',#4923,#2345);
#1976=VECTOR('',#3306,1.);
#1977=VECTOR('',#3307,1.);
#1978=VECTOR('',#3308,1.);
#1979=VECTOR('',#3309,1.);
#1980=VECTOR('',#3310,1.);
#1981=VECTOR('',#3311,1.);
#1982=VECTOR('',#3312,1.);
#1983=VECTOR('',#3313,1.);
#1984=VECTOR('',#3314,1.);
#1985=VECTOR('',#3315,1.);
#1986=VECTOR('',#3316,1.);
#1987=VECTOR('',#3317,1.);
#1988=VECTOR('',#3318,1.);
#1989=VECTOR('',#3319,1.);
#1990=VECTOR('',#3320,1.);
#1991=VECTOR('',#3321,1.);
#1992=VECTOR('',#3322,1.);
#1993=VECTOR('',#3323,1.);
#1994=VECTOR('',#3324,1.);
#1995=VECTOR('',#3325,1.);
#1996=VECTOR('',#3326,1.);
#1997=VECTOR('',#3327,1.);
#1998=VECTOR('',#3328,1.);
#1999=VECTOR('',#3329,1.);
#2000=VECTOR('',#3330,1.);
#2001=VECTOR('',#3331,1.);
#2002=VECTOR('',#3332,1.);
#2003=VECTOR('',#3333,1.);
#2004=VECTOR('',#3334,1.);
#2005=VECTOR('',#3335,1.);
#2006=VECTOR('',#3336,1.);
#2007=VECTOR('',#3337,1.);
#2008=VECTOR('',#3338,1.);
#2009=VECTOR('',#3339,1.);
#2010=VECTOR('',#3340,1.);
#2011=VECTOR('',#3341,1.);
#2012=VECTOR('',#3342,1.);
#2013=VECTOR('',#3343,1.);
#2014=VECTOR('',#3344,1.);
#2015=VECTOR('',#3345,1.);
#2016=VECTOR('',#3346,1.);
#2017=VECTOR('',#3347,1.);
#2018=VECTOR('',#3348,1.);
#2019=VECTOR('',#3349,1.);
#2020=VECTOR('',#3350,1.);
#2021=VECTOR('',#3351,1.);
#2022=VECTOR('',#3352,1.);
#2023=VECTOR('',#3353,1.);
#2024=VECTOR('',#3354,1.);
#2025=VECTOR('',#3355,1.);
#2026=VECTOR('',#3356,1.);
#2027=VECTOR('',#3357,1.);
#2028=VECTOR('',#3358,1.);
#2029=VECTOR('',#3359,1.);
#2030=VECTOR('',#3360,1.);
#2031=VECTOR('',#3361,1.);
#2032=VECTOR('',#3362,1.);
#2033=VECTOR('',#3363,1.);
#2034=VECTOR('',#3364,1.);
#2035=VECTOR('',#3365,1.);
#2036=VECTOR('',#3366,1.);
#2037=VECTOR('',#3367,1.);
#2038=VECTOR('',#3368,1.);
#2039=VECTOR('',#3369,1.);
#2040=VECTOR('',#3380,1.);
#2041=VECTOR('',#3381,1.);
#2042=VECTOR('',#3382,1.);
#2043=VECTOR('',#3383,1.);
#2044=VECTOR('',#3384,1.);
#2045=VECTOR('',#3385,1.);
#2046=VECTOR('',#3386,1.);
#2047=VECTOR('',#3387,1.);
#2048=VECTOR('',#3388,1.);
#2049=VECTOR('',#3389,1.);
#2050=VECTOR('',#3390,1.);
#2051=VECTOR('',#3391,1.);
#2052=VECTOR('',#3392,1.);
#2053=VECTOR('',#3393,1.);
#2054=VECTOR('',#3394,1.);
#2055=VECTOR('',#3395,1.);
#2056=VECTOR('',#3396,1.);
#2057=VECTOR('',#3397,1.);
#2058=VECTOR('',#3398,1.);
#2059=VECTOR('',#3399,1.);
#2060=VECTOR('',#3400,1.);
#2061=VECTOR('',#3401,1.);
#2062=VECTOR('',#3402,1.);
#2063=VECTOR('',#3403,1.);
#2064=VECTOR('',#3404,1.);
#2065=VECTOR('',#3405,1.);
#2066=VECTOR('',#3406,1.);
#2067=VECTOR('',#3407,1.);
#2068=VECTOR('',#3408,1.);
#2069=VECTOR('',#3409,1.);
#2070=VECTOR('',#3410,1.);
#2071=VECTOR('',#3411,1.);
#2072=VECTOR('',#3412,1.);
#2073=VECTOR('',#3413,1.);
#2074=VECTOR('',#3414,1.);
#2075=VECTOR('',#3415,1.);
#2076=VECTOR('',#3416,1.);
#2077=VECTOR('',#3417,1.);
#2078=VECTOR('',#3418,1.);
#2079=VECTOR('',#3419,1.);
#2080=VECTOR('',#3420,1.);
#2081=VECTOR('',#3421,1.);
#2082=VECTOR('',#3422,1.);
#2083=VECTOR('',#3423,1.);
#2084=VECTOR('',#3424,1.);
#2085=VECTOR('',#3425,1.);
#2086=VECTOR('',#3426,1.);
#2087=VECTOR('',#3427,1.);
#2088=VECTOR('',#3428,1.);
#2089=VECTOR('',#3429,1.);
#2090=VECTOR('',#3432,1.);
#2091=VECTOR('',#3435,1.);
#2092=VECTOR('',#3438,1.);
#2093=VECTOR('',#3441,1.);
#2094=VECTOR('',#3442,1.);
#2095=VECTOR('',#3443,1.);
#2096=VECTOR('',#3444,1.);
#2097=VECTOR('',#3445,1.);
#2098=VECTOR('',#3446,1.);
#2099=VECTOR('',#3447,1.);
#2100=VECTOR('',#3450,1.);
#2101=VECTOR('',#3451,1.);
#2102=VECTOR('',#3452,1.);
#2103=VECTOR('',#3455,1.);
#2104=VECTOR('',#3456,1.);
#2105=VECTOR('',#3457,1.);
#2106=VECTOR('',#3460,1.);
#2107=VECTOR('',#3461,1.);
#2108=VECTOR('',#3462,1.);
#2109=VECTOR('',#3463,1.);
#2110=VECTOR('',#3464,1.);
#2111=VECTOR('',#3465,1.);
#2112=VECTOR('',#3468,1.);
#2113=VECTOR('',#3469,1.);
#2114=VECTOR('',#3470,1.);
#2115=VECTOR('',#3481,1.);
#2116=VECTOR('',#3482,1.);
#2117=VECTOR('',#3483,1.);
#2118=VECTOR('',#3484,1.);
#2119=VECTOR('',#3485,1.);
#2120=VECTOR('',#3486,1.);
#2121=VECTOR('',#3487,1.);
#2122=VECTOR('',#3488,1.);
#2123=VECTOR('',#3491,1.);
#2124=VECTOR('',#3494,1.);
#2125=VECTOR('',#3497,1.);
#2126=VECTOR('',#3502,1.);
#2127=VECTOR('',#3503,1.);
#2128=VECTOR('',#3506,1.);
#2129=VECTOR('',#3507,1.);
#2130=VECTOR('',#3510,1.);
#2131=VECTOR('',#3511,1.);
#2132=VECTOR('',#3514,1.);
#2133=VECTOR('',#3515,1.);
#2134=VECTOR('',#3518,1.);
#2135=VECTOR('',#3519,1.);
#2136=VECTOR('',#3522,1.);
#2137=VECTOR('',#3523,1.);
#2138=VECTOR('',#3534,1.);
#2139=VECTOR('',#3535,1.);
#2140=VECTOR('',#3538,1.);
#2141=VECTOR('',#3541,1.);
#2142=VECTOR('',#3546,1.);
#2143=VECTOR('',#3547,1.);
#2144=VECTOR('',#3550,1.);
#2145=VECTOR('',#3553,1.);
#2146=VECTOR('',#3558,1.);
#2147=VECTOR('',#3559,1.);
#2148=VECTOR('',#3562,1.);
#2149=VECTOR('',#3565,1.);
#2150=VECTOR('',#3570,1.);
#2151=VECTOR('',#3571,1.);
#2152=VECTOR('',#3574,1.);
#2153=VECTOR('',#3577,1.);
#2154=VECTOR('',#3582,1.);
#2155=VECTOR('',#3583,1.);
#2156=VECTOR('',#3586,1.);
#2157=VECTOR('',#3589,1.);
#2158=VECTOR('',#3594,1.);
#2159=VECTOR('',#3595,1.);
#2160=VECTOR('',#3598,1.);
#2161=VECTOR('',#3601,1.);
#2162=VECTOR('',#3606,1.);
#2163=VECTOR('',#3607,1.);
#2164=VECTOR('',#3610,1.);
#2165=VECTOR('',#3613,1.);
#2166=VECTOR('',#3618,1.);
#2167=VECTOR('',#3619,1.);
#2168=VECTOR('',#3622,1.);
#2169=VECTOR('',#3625,1.);
#2170=VECTOR('',#3630,1.);
#2171=VECTOR('',#3631,1.);
#2172=VECTOR('',#3634,1.);
#2173=VECTOR('',#3637,1.);
#2174=VECTOR('',#3642,1.);
#2175=VECTOR('',#3643,1.);
#2176=VECTOR('',#3646,1.);
#2177=VECTOR('',#3649,1.);
#2178=VECTOR('',#3654,1.);
#2179=VECTOR('',#3655,1.);
#2180=VECTOR('',#3658,1.);
#2181=VECTOR('',#3661,1.);
#2182=VECTOR('',#3666,1.);
#2183=VECTOR('',#3667,1.);
#2184=VECTOR('',#3670,1.);
#2185=VECTOR('',#3673,1.);
#2186=VECTOR('',#3678,1.);
#2187=VECTOR('',#3679,1.);
#2188=VECTOR('',#3682,1.);
#2189=VECTOR('',#3685,1.);
#2190=VECTOR('',#3698,1.);
#2191=VECTOR('',#3701,1.);
#2192=VECTOR('',#3710,1.);
#2193=VECTOR('',#3711,1.);
#2194=VECTOR('',#3714,1.);
#2195=VECTOR('',#3717,1.);
#2196=VECTOR('',#3724,1.);
#2197=VECTOR('',#3727,1.);
#2198=VECTOR('',#3732,1.);
#2199=VECTOR('',#3735,1.);
#2200=VECTOR('',#3748,1.);
#2201=VECTOR('',#3749,1.);
#2202=VECTOR('',#3750,1.);
#2203=VECTOR('',#3753,1.);
#2204=VECTOR('',#3756,1.);
#2205=VECTOR('',#3759,1.);
#2206=VECTOR('',#3762,1.);
#2207=VECTOR('',#3763,1.);
#2208=VECTOR('',#3764,1.);
#2209=VECTOR('',#3765,1.);
#2210=VECTOR('',#3766,1.);
#2211=VECTOR('',#3767,1.);
#2212=VECTOR('',#3770,1.);
#2213=VECTOR('',#3771,1.);
#2214=VECTOR('',#3772,1.);
#2215=VECTOR('',#3773,1.);
#2216=VECTOR('',#3774,1.);
#2217=VECTOR('',#3775,1.);
#2218=VECTOR('',#3776,1.);
#2219=VECTOR('',#3777,1.);
#2220=VECTOR('',#3778,1.);
#2221=VECTOR('',#3779,1.);
#2222=VECTOR('',#3782,1.);
#2223=VECTOR('',#3783,1.);
#2224=VECTOR('',#3784,1.);
#2225=VECTOR('',#3785,1.);
#2226=VECTOR('',#3786,1.);
#2227=VECTOR('',#3787,1.);
#2228=VECTOR('',#3788,1.);
#2229=VECTOR('',#3789,1.);
#2230=VECTOR('',#3790,1.);
#2231=VECTOR('',#3791,1.);
#2232=VECTOR('',#3792,1.);
#2233=VECTOR('',#3793,1.);
#2234=VECTOR('',#3794,1.);
#2235=VECTOR('',#3795,1.);
#2236=VECTOR('',#3796,1.);
#2237=VECTOR('',#3797,1.);
#2238=VECTOR('',#3798,1.);
#2239=VECTOR('',#3799,1.);
#2240=VECTOR('',#3800,1.);
#2241=VECTOR('',#3801,1.);
#2242=VECTOR('',#3802,1.);
#2243=VECTOR('',#3803,1.);
#2244=VECTOR('',#3804,1.);
#2245=VECTOR('',#3805,1.);
#2246=VECTOR('',#3806,1.);
#2247=VECTOR('',#3807,1.);
#2248=VECTOR('',#3808,1.);
#2249=VECTOR('',#3809,1.);
#2250=VECTOR('',#3810,1.);
#2251=VECTOR('',#3811,1.);
#2252=VECTOR('',#3812,1.);
#2253=VECTOR('',#3813,1.);
#2254=VECTOR('',#3814,1.);
#2255=VECTOR('',#3815,1.);
#2256=VECTOR('',#3816,1.);
#2257=VECTOR('',#3843,1.);
#2258=VECTOR('',#3846,1.);
#2259=VECTOR('',#3849,1.);
#2260=VECTOR('',#3852,1.);
#2261=VECTOR('',#3857,1.);
#2262=VECTOR('',#3858,1.);
#2263=VECTOR('',#3859,1.);
#2264=VECTOR('',#3860,1.);
#2265=VECTOR('',#3861,1.);
#2266=VECTOR('',#3864,1.);
#2267=VECTOR('',#3865,1.);
#2268=VECTOR('',#3866,1.);
#2269=VECTOR('',#3867,1.);
#2270=VECTOR('',#3868,1.);
#2271=VECTOR('',#3871,1.);
#2272=VECTOR('',#3872,1.);
#2273=VECTOR('',#3873,1.);
#2274=VECTOR('',#3874,1.);
#2275=VECTOR('',#3877,1.);
#2276=VECTOR('',#3878,1.);
#2277=VECTOR('',#3881,1.);
#2278=VECTOR('',#3882,1.);
#2279=VECTOR('',#3885,1.);
#2280=VECTOR('',#3886,1.);
#2281=VECTOR('',#3889,1.);
#2282=VECTOR('',#3890,1.);
#2283=VECTOR('',#3891,1.);
#2284=VECTOR('',#3892,1.);
#2285=VECTOR('',#3893,1.);
#2286=VECTOR('',#3920,1.);
#2287=VECTOR('',#3921,1.);
#2288=VECTOR('',#3922,1.);
#2289=VECTOR('',#3925,1.);
#2290=VECTOR('',#3926,1.);
#2291=VECTOR('',#3929,1.);
#2292=VECTOR('',#3930,1.);
#2293=VECTOR('',#3933,1.);
#2294=VECTOR('',#3938,1.);
#2295=VECTOR('',#3939,1.);
#2296=VECTOR('',#3940,1.);
#2297=VECTOR('',#3943,1.);
#2298=VECTOR('',#3944,1.);
#2299=VECTOR('',#3947,1.);
#2300=VECTOR('',#3948,1.);
#2301=VECTOR('',#3951,1.);
#2302=VECTOR('',#3956,1.);
#2303=VECTOR('',#3957,1.);
#2304=VECTOR('',#3958,1.);
#2305=VECTOR('',#3961,1.);
#2306=VECTOR('',#3962,1.);
#2307=VECTOR('',#3965,1.);
#2308=VECTOR('',#3966,1.);
#2309=VECTOR('',#3969,1.);
#2310=VECTOR('',#3974,1.);
#2311=VECTOR('',#3975,1.);
#2312=VECTOR('',#3976,1.);
#2313=VECTOR('',#3979,1.);
#2314=VECTOR('',#3980,1.);
#2315=VECTOR('',#3983,1.);
#2316=VECTOR('',#3984,1.);
#2317=VECTOR('',#3987,1.);
#2318=VECTOR('',#3992,1.);
#2319=VECTOR('',#3993,1.);
#2320=VECTOR('',#3994,1.);
#2321=VECTOR('',#3997,1.);
#2322=VECTOR('',#3998,1.);
#2323=VECTOR('',#4001,1.);
#2324=VECTOR('',#4002,1.);
#2325=VECTOR('',#4005,1.);
#2326=VECTOR('',#4010,1.);
#2327=VECTOR('',#4011,1.);
#2328=VECTOR('',#4012,1.);
#2329=VECTOR('',#4015,1.);
#2330=VECTOR('',#4016,1.);
#2331=VECTOR('',#4019,1.);
#2332=VECTOR('',#4020,1.);
#2333=VECTOR('',#4023,1.);
#2334=VECTOR('',#4028,1.);
#2335=VECTOR('',#4029,1.);
#2336=VECTOR('',#4032,1.);
#2337=VECTOR('',#4037,1.);
#2338=VECTOR('',#4038,1.);
#2339=VECTOR('',#4041,1.);
#2340=VECTOR('',#4046,1.);
#2341=VECTOR('',#4047,1.);
#2342=VECTOR('',#4050,1.);
#2343=VECTOR('',#4055,1.);
#2344=VECTOR('',#4056,1.);
#2345=VECTOR('',#4059,1.);
#2346=EDGE_LOOP('',(#80,#81,#82,#83,#84,#85,#86,#87));
#2347=EDGE_LOOP('',(#88,#89,#90,#91));
#2348=EDGE_LOOP('',(#92,#93,#94,#95));
#2349=EDGE_LOOP('',(#96,#97,#98,#99));
#2350=EDGE_LOOP('',(#100,#101,#102,#103));
#2351=EDGE_LOOP('',(#104,#105,#106,#107));
#2352=EDGE_LOOP('',(#108,#109,#110,#111));
#2353=EDGE_LOOP('',(#112,#113,#114,#115));
#2354=EDGE_LOOP('',(#116,#117,#118,#119));
#2355=EDGE_LOOP('',(#120,#121,#122,#123));
#2356=EDGE_LOOP('',(#124,#125,#126,#127));
#2357=EDGE_LOOP('',(#128,#129,#130,#131));
#2358=EDGE_LOOP('',(#132,#133,#134,#135));
#2359=EDGE_LOOP('',(#136,#137,#138,#139,#140,#141,#142,#143));
#2360=EDGE_LOOP('',(#144));
#2361=EDGE_LOOP('',(#145));
#2362=EDGE_LOOP('',(#146));
#2363=EDGE_LOOP('',(#147));
#2364=EDGE_LOOP('',(#148,#149,#150,#151));
#2365=EDGE_LOOP('',(#152,#153,#154,#155));
#2366=EDGE_LOOP('',(#156,#157,#158,#159));
#2367=EDGE_LOOP('',(#160,#161,#162,#163));
#2368=EDGE_LOOP('',(#164,#165,#166,#167));
#2369=EDGE_LOOP('',(#168,#169,#170,#171));
#2370=EDGE_LOOP('',(#172,#173,#174,#175));
#2371=EDGE_LOOP('',(#176,#177,#178,#179));
#2372=EDGE_LOOP('',(#180,#181,#182,#183));
#2373=EDGE_LOOP('',(#184,#185,#186,#187));
#2374=EDGE_LOOP('',(#188,#189,#190,#191));
#2375=EDGE_LOOP('',(#192,#193,#194,#195));
#2376=EDGE_LOOP('',(#196,#197,#198,#199,#200,#201,#202,#203,#204,#205,#206,#207));
#2377=EDGE_LOOP('',(#208,#209,#210,#211));
#2378=EDGE_LOOP('',(#212,#213,#214,#215));
#2379=EDGE_LOOP('',(#216,#217,#218,#219));
#2380=EDGE_LOOP('',(#220,#221,#222,#223,#224,#225,#226,#227));
#2381=EDGE_LOOP('',(#228,#229,#230,#231));
#2382=EDGE_LOOP('',(#232));
#2383=EDGE_LOOP('',(#233));
#2384=EDGE_LOOP('',(#234));
#2385=EDGE_LOOP('',(#235));
#2386=EDGE_LOOP('',(#236,#237,#238,#239,#240,#241,#242,#243,#244,#245,#246,#247,#248,#249,#250,#251));
#2387=EDGE_LOOP('',(#252,#253,#254,#255));
#2388=EDGE_LOOP('',(#256,#257,#258,#259));
#2389=EDGE_LOOP('',(#260,#261,#262,#263));
#2390=EDGE_LOOP('',(#264,#265,#266,#267));
#2391=EDGE_LOOP('',(#268,#269,#270,#271));
#2392=EDGE_LOOP('',(#272,#273,#274,#275));
#2393=EDGE_LOOP('',(#276));
#2394=EDGE_LOOP('',(#277));
#2395=EDGE_LOOP('',(#278));
#2396=EDGE_LOOP('',(#279));
#2397=EDGE_LOOP('',(#280));
#2398=EDGE_LOOP('',(#281));
#2399=EDGE_LOOP('',(#282));
#2400=EDGE_LOOP('',(#283));
#2401=EDGE_LOOP('',(#284,#285,#286,#287));
#2402=EDGE_LOOP('',(#288,#289,#290,#291));
#2403=EDGE_LOOP('',(#292,#293,#294,#295));
#2404=EDGE_LOOP('',(#296,#297,#298,#299));
#2405=EDGE_LOOP('',(#300,#301,#302,#303));
#2406=EDGE_LOOP('',(#304,#305,#306,#307));
#2407=EDGE_LOOP('',(#308,#309,#310,#311));
#2408=EDGE_LOOP('',(#312,#313,#314,#315));
#2409=EDGE_LOOP('',(#316,#317,#318,#319));
#2410=EDGE_LOOP('',(#320,#321,#322,#323));
#2411=EDGE_LOOP('',(#324,#325,#326,#327));
#2412=EDGE_LOOP('',(#328,#329,#330,#331));
#2413=EDGE_LOOP('',(#332,#333,#334,#335));
#2414=EDGE_LOOP('',(#336,#337,#338,#339));
#2415=EDGE_LOOP('',(#340,#341,#342,#343));
#2416=EDGE_LOOP('',(#344,#345,#346,#347));
#2417=EDGE_LOOP('',(#348,#349,#350,#351));
#2418=EDGE_LOOP('',(#352,#353,#354,#355));
#2419=EDGE_LOOP('',(#356,#357,#358,#359));
#2420=EDGE_LOOP('',(#360,#361,#362,#363));
#2421=EDGE_LOOP('',(#364,#365,#366,#367));
#2422=EDGE_LOOP('',(#368,#369,#370,#371));
#2423=EDGE_LOOP('',(#372,#373,#374,#375));
#2424=EDGE_LOOP('',(#376,#377,#378,#379));
#2425=EDGE_LOOP('',(#380,#381,#382,#383));
#2426=EDGE_LOOP('',(#384,#385,#386,#387));
#2427=EDGE_LOOP('',(#388,#389,#390,#391));
#2428=EDGE_LOOP('',(#392,#393,#394,#395));
#2429=EDGE_LOOP('',(#396,#397,#398,#399));
#2430=EDGE_LOOP('',(#400,#401,#402,#403));
#2431=EDGE_LOOP('',(#404,#405,#406,#407));
#2432=EDGE_LOOP('',(#408,#409,#410,#411));
#2433=EDGE_LOOP('',(#412,#413,#414,#415));
#2434=EDGE_LOOP('',(#416,#417,#418,#419));
#2435=EDGE_LOOP('',(#420,#421,#422,#423));
#2436=EDGE_LOOP('',(#424,#425,#426,#427));
#2437=EDGE_LOOP('',(#428,#429,#430,#431));
#2438=EDGE_LOOP('',(#432,#433,#434,#435));
#2439=EDGE_LOOP('',(#436,#437,#438,#439));
#2440=EDGE_LOOP('',(#440,#441,#442,#443));
#2441=EDGE_LOOP('',(#444,#445,#446,#447));
#2442=EDGE_LOOP('',(#448,#449,#450,#451));
#2443=EDGE_LOOP('',(#452,#453,#454,#455));
#2444=EDGE_LOOP('',(#456,#457,#458,#459));
#2445=EDGE_LOOP('',(#460,#461,#462,#463));
#2446=EDGE_LOOP('',(#464,#465,#466,#467));
#2447=EDGE_LOOP('',(#468,#469,#470,#471));
#2448=EDGE_LOOP('',(#472,#473,#474,#475));
#2449=EDGE_LOOP('',(#476,#477,#478,#479));
#2450=EDGE_LOOP('',(#480,#481,#482,#483));
#2451=EDGE_LOOP('',(#484,#485,#486,#487));
#2452=EDGE_LOOP('',(#488,#489,#490,#491));
#2453=EDGE_LOOP('',(#492,#493,#494,#495));
#2454=EDGE_LOOP('',(#496,#497,#498,#499));
#2455=EDGE_LOOP('',(#500,#501,#502,#503));
#2456=EDGE_LOOP('',(#504,#505,#506,#507));
#2457=EDGE_LOOP('',(#508,#509,#510,#511));
#2458=EDGE_LOOP('',(#512,#513,#514,#515));
#2459=EDGE_LOOP('',(#516,#517,#518,#519));
#2460=EDGE_LOOP('',(#520,#521,#522,#523,#524,#525));
#2461=EDGE_LOOP('',(#526,#527,#528,#529,#530,#531));
#2462=EDGE_LOOP('',(#532,#533,#534,#535));
#2463=EDGE_LOOP('',(#536,#537,#538,#539,#540,#541));
#2464=EDGE_LOOP('',(#542,#543,#544,#545));
#2465=EDGE_LOOP('',(#546,#547,#548,#549,#550,#551));
#2466=EDGE_LOOP('',(#552,#553,#554,#555));
#2467=EDGE_LOOP('',(#556,#557,#558,#559));
#2468=EDGE_LOOP('',(#560));
#2469=EDGE_LOOP('',(#561));
#2470=EDGE_LOOP('',(#562));
#2471=EDGE_LOOP('',(#563));
#2472=EDGE_LOOP('',(#564,#565,#566,#567,#568,#569,#570,#571,#572,#573,#574,#575,#576,#577,#578,#579));
#2473=EDGE_LOOP('',(#580,#581,#582,#583,#584,#585,#586,#587,#588,#589,#590,#591,#592,#593));
#2474=EDGE_LOOP('',(#594,#595,#596,#597));
#2475=EDGE_LOOP('',(#598,#599,#600,#601));
#2476=EDGE_LOOP('',(#602,#603,#604,#605));
#2477=EDGE_LOOP('',(#606,#607,#608,#609));
#2478=EDGE_LOOP('',(#610,#611,#612,#613));
#2479=EDGE_LOOP('',(#614,#615,#616,#617));
#2480=EDGE_LOOP('',(#618,#619,#620,#621,#622,#623,#624,#625,#626,#627,#628,#629));
#2481=EDGE_LOOP('',(#630));
#2482=EDGE_LOOP('',(#631));
#2483=EDGE_LOOP('',(#632));
#2484=EDGE_LOOP('',(#633));
#2485=EDGE_LOOP('',(#634));
#2486=EDGE_LOOP('',(#635));
#2487=EDGE_LOOP('',(#636));
#2488=EDGE_LOOP('',(#637));
#2489=EDGE_LOOP('',(#638));
#2490=EDGE_LOOP('',(#639));
#2491=EDGE_LOOP('',(#640));
#2492=EDGE_LOOP('',(#641));
#2493=EDGE_LOOP('',(#642,#643,#644,#645,#646,#647,#648,#649));
#2494=EDGE_LOOP('',(#650,#651,#652,#653,#654,#655,#656,#657));
#2495=EDGE_LOOP('',(#658,#659,#660,#661,#662,#663,#664,#665));
#2496=EDGE_LOOP('',(#666,#667,#668,#669,#670,#671,#672,#673));
#2497=EDGE_LOOP('',(#674,#675,#676,#677));
#2498=EDGE_LOOP('',(#678,#679,#680,#681));
#2499=EDGE_LOOP('',(#682,#683,#684,#685));
#2500=EDGE_LOOP('',(#686,#687,#688,#689,#690,#691,#692,#693,#694,#695));
#2501=EDGE_LOOP('',(#696));
#2502=EDGE_LOOP('',(#697));
#2503=EDGE_LOOP('',(#698));
#2504=EDGE_LOOP('',(#699));
#2505=EDGE_LOOP('',(#700));
#2506=EDGE_LOOP('',(#701));
#2507=EDGE_LOOP('',(#702));
#2508=EDGE_LOOP('',(#703));
#2509=EDGE_LOOP('',(#704));
#2510=EDGE_LOOP('',(#705));
#2511=EDGE_LOOP('',(#706));
#2512=EDGE_LOOP('',(#707));
#2513=EDGE_LOOP('',(#708));
#2514=EDGE_LOOP('',(#709));
#2515=EDGE_LOOP('',(#710));
#2516=EDGE_LOOP('',(#711));
#2517=EDGE_LOOP('',(#712,#713,#714,#715));
#2518=EDGE_LOOP('',(#716,#717,#718,#719));
#2519=EDGE_LOOP('',(#720,#721,#722,#723));
#2520=EDGE_LOOP('',(#724,#725,#726,#727));
#2521=EDGE_LOOP('',(#728,#729,#730,#731));
#2522=EDGE_LOOP('',(#732,#733,#734,#735));
#2523=EDGE_LOOP('',(#736,#737,#738,#739));
#2524=EDGE_LOOP('',(#740,#741,#742,#743));
#2525=EDGE_LOOP('',(#744,#745,#746,#747));
#2526=EDGE_LOOP('',(#748,#749,#750,#751));
#2527=EDGE_LOOP('',(#752,#753,#754,#755));
#2528=EDGE_LOOP('',(#756,#757,#758,#759));
#2529=EDGE_LOOP('',(#760,#761,#762,#763));
#2530=EDGE_LOOP('',(#764,#765,#766,#767));
#2531=EDGE_LOOP('',(#768,#769,#770,#771));
#2532=EDGE_LOOP('',(#772,#773,#774,#775));
#2533=EDGE_LOOP('',(#776,#777,#778,#779));
#2534=EDGE_LOOP('',(#780,#781,#782,#783));
#2535=EDGE_LOOP('',(#784,#785,#786,#787));
#2536=EDGE_LOOP('',(#788,#789,#790,#791));
#2537=EDGE_LOOP('',(#792,#793,#794,#795));
#2538=EDGE_LOOP('',(#796,#797,#798,#799));
#2539=EDGE_LOOP('',(#800,#801,#802,#803));
#2540=EDGE_LOOP('',(#804,#805,#806,#807));
#2541=EDGE_LOOP('',(#808,#809,#810,#811));
#2542=EDGE_LOOP('',(#812,#813,#814,#815));
#2543=EDGE_LOOP('',(#816,#817,#818,#819));
#2544=EDGE_LOOP('',(#820,#821,#822,#823));
#2545=EDGE_LOOP('',(#824,#825,#826,#827));
#2546=EDGE_LOOP('',(#828,#829,#830,#831));
#2547=EDGE_LOOP('',(#832,#833,#834,#835));
#2548=EDGE_LOOP('',(#836,#837,#838,#839));
#2549=EDGE_LOOP('',(#840,#841,#842,#843));
#2550=EDGE_LOOP('',(#844,#845,#846,#847));
#2551=EDGE_LOOP('',(#848,#849,#850,#851));
#2552=EDGE_LOOP('',(#852,#853,#854,#855));
#2553=EDGE_LOOP('',(#856,#857,#858,#859));
#2554=EDGE_LOOP('',(#860,#861,#862,#863));
#2555=EDGE_LOOP('',(#864,#865,#866,#867));
#2556=EDGE_LOOP('',(#868,#869,#870,#871));
#2557=EDGE_LOOP('',(#872,#873,#874,#875));
#2558=EDGE_LOOP('',(#876,#877,#878,#879));
#2559=EDGE_LOOP('',(#880,#881,#882,#883));
#2560=EDGE_LOOP('',(#884,#885,#886,#887));
#2561=EDGE_LOOP('',(#888,#889,#890,#891));
#2562=EDGE_LOOP('',(#892,#893,#894,#895));
#2563=EDGE_LOOP('',(#896,#897,#898,#899));
#2564=EDGE_LOOP('',(#900,#901,#902,#903));
#2565=EDGE_LOOP('',(#904,#905,#906,#907));
#2566=FACE_BOUND('',#2346,.T.);
#2567=FACE_BOUND('',#2347,.T.);
#2568=FACE_BOUND('',#2348,.T.);
#2569=FACE_BOUND('',#2349,.T.);
#2570=FACE_BOUND('',#2350,.T.);
#2571=FACE_BOUND('',#2351,.T.);
#2572=FACE_BOUND('',#2352,.T.);
#2573=FACE_BOUND('',#2353,.T.);
#2574=FACE_BOUND('',#2354,.T.);
#2575=FACE_BOUND('',#2355,.T.);
#2576=FACE_BOUND('',#2356,.T.);
#2577=FACE_BOUND('',#2357,.T.);
#2578=FACE_BOUND('',#2358,.T.);
#2579=FACE_BOUND('',#2359,.T.);
#2580=FACE_BOUND('',#2360,.T.);
#2581=FACE_BOUND('',#2361,.T.);
#2582=FACE_BOUND('',#2362,.T.);
#2583=FACE_BOUND('',#2363,.T.);
#2584=FACE_BOUND('',#2364,.T.);
#2585=FACE_BOUND('',#2365,.T.);
#2586=FACE_BOUND('',#2366,.T.);
#2587=FACE_BOUND('',#2367,.T.);
#2588=FACE_BOUND('',#2368,.T.);
#2589=FACE_BOUND('',#2369,.T.);
#2590=FACE_BOUND('',#2370,.T.);
#2591=FACE_BOUND('',#2371,.T.);
#2592=FACE_BOUND('',#2372,.T.);
#2593=FACE_BOUND('',#2373,.T.);
#2594=FACE_BOUND('',#2374,.T.);
#2595=FACE_BOUND('',#2375,.T.);
#2596=FACE_BOUND('',#2376,.T.);
#2597=FACE_BOUND('',#2377,.T.);
#2598=FACE_BOUND('',#2378,.T.);
#2599=FACE_BOUND('',#2379,.T.);
#2600=FACE_BOUND('',#2380,.T.);
#2601=FACE_BOUND('',#2381,.T.);
#2602=FACE_BOUND('',#2382,.T.);
#2603=FACE_BOUND('',#2383,.T.);
#2604=FACE_BOUND('',#2384,.T.);
#2605=FACE_BOUND('',#2385,.T.);
#2606=FACE_BOUND('',#2386,.T.);
#2607=FACE_BOUND('',#2387,.T.);
#2608=FACE_BOUND('',#2388,.T.);
#2609=FACE_BOUND('',#2389,.T.);
#2610=FACE_BOUND('',#2390,.T.);
#2611=FACE_BOUND('',#2391,.T.);
#2612=FACE_BOUND('',#2392,.T.);
#2613=FACE_BOUND('',#2393,.T.);
#2614=FACE_BOUND('',#2394,.T.);
#2615=FACE_BOUND('',#2395,.T.);
#2616=FACE_BOUND('',#2396,.T.);
#2617=FACE_BOUND('',#2397,.T.);
#2618=FACE_BOUND('',#2398,.T.);
#2619=FACE_BOUND('',#2399,.T.);
#2620=FACE_BOUND('',#2400,.T.);
#2621=FACE_BOUND('',#2401,.T.);
#2622=FACE_BOUND('',#2402,.T.);
#2623=FACE_BOUND('',#2403,.T.);
#2624=FACE_BOUND('',#2404,.T.);
#2625=FACE_BOUND('',#2405,.T.);
#2626=FACE_BOUND('',#2406,.T.);
#2627=FACE_BOUND('',#2407,.T.);
#2628=FACE_BOUND('',#2408,.T.);
#2629=FACE_BOUND('',#2409,.T.);
#2630=FACE_BOUND('',#2410,.T.);
#2631=FACE_BOUND('',#2411,.T.);
#2632=FACE_BOUND('',#2412,.T.);
#2633=FACE_BOUND('',#2413,.T.);
#2634=FACE_BOUND('',#2414,.T.);
#2635=FACE_BOUND('',#2415,.T.);
#2636=FACE_BOUND('',#2416,.T.);
#2637=FACE_BOUND('',#2417,.T.);
#2638=FACE_BOUND('',#2418,.T.);
#2639=FACE_BOUND('',#2419,.T.);
#2640=FACE_BOUND('',#2420,.T.);
#2641=FACE_BOUND('',#2421,.T.);
#2642=FACE_BOUND('',#2422,.T.);
#2643=FACE_BOUND('',#2423,.T.);
#2644=FACE_BOUND('',#2424,.T.);
#2645=FACE_BOUND('',#2425,.T.);
#2646=FACE_BOUND('',#2426,.T.);
#2647=FACE_BOUND('',#2427,.T.);
#2648=FACE_BOUND('',#2428,.T.);
#2649=FACE_BOUND('',#2429,.T.);
#2650=FACE_BOUND('',#2430,.T.);
#2651=FACE_BOUND('',#2431,.T.);
#2652=FACE_BOUND('',#2432,.T.);
#2653=FACE_BOUND('',#2433,.T.);
#2654=FACE_BOUND('',#2434,.T.);
#2655=FACE_BOUND('',#2435,.T.);
#2656=FACE_BOUND('',#2436,.T.);
#2657=FACE_BOUND('',#2437,.T.);
#2658=FACE_BOUND('',#2438,.T.);
#2659=FACE_BOUND('',#2439,.T.);
#2660=FACE_BOUND('',#2440,.T.);
#2661=FACE_BOUND('',#2441,.T.);
#2662=FACE_BOUND('',#2442,.T.);
#2663=FACE_BOUND('',#2443,.T.);
#2664=FACE_BOUND('',#2444,.T.);
#2665=FACE_BOUND('',#2445,.T.);
#2666=FACE_BOUND('',#2446,.T.);
#2667=FACE_BOUND('',#2447,.T.);
#2668=FACE_BOUND('',#2448,.T.);
#2669=FACE_BOUND('',#2449,.T.);
#2670=FACE_BOUND('',#2450,.T.);
#2671=FACE_BOUND('',#2451,.T.);
#2672=FACE_BOUND('',#2452,.T.);
#2673=FACE_BOUND('',#2453,.T.);
#2674=FACE_BOUND('',#2454,.T.);
#2675=FACE_BOUND('',#2455,.T.);
#2676=FACE_BOUND('',#2456,.T.);
#2677=FACE_BOUND('',#2457,.T.);
#2678=FACE_BOUND('',#2458,.T.);
#2679=FACE_BOUND('',#2459,.T.);
#2680=FACE_BOUND('',#2460,.T.);
#2681=FACE_BOUND('',#2461,.T.);
#2682=FACE_BOUND('',#2462,.T.);
#2683=FACE_BOUND('',#2463,.T.);
#2684=FACE_BOUND('',#2464,.T.);
#2685=FACE_BOUND('',#2465,.T.);
#2686=FACE_BOUND('',#2466,.T.);
#2687=FACE_BOUND('',#2467,.T.);
#2688=FACE_BOUND('',#2468,.T.);
#2689=FACE_BOUND('',#2469,.T.);
#2690=FACE_BOUND('',#2470,.T.);
#2691=FACE_BOUND('',#2471,.T.);
#2692=FACE_BOUND('',#2472,.T.);
#2693=FACE_BOUND('',#2473,.T.);
#2694=FACE_BOUND('',#2474,.T.);
#2695=FACE_BOUND('',#2475,.T.);
#2696=FACE_BOUND('',#2476,.T.);
#2697=FACE_BOUND('',#2477,.T.);
#2698=FACE_BOUND('',#2478,.T.);
#2699=FACE_BOUND('',#2479,.T.);
#2700=FACE_BOUND('',#2480,.T.);
#2701=FACE_BOUND('',#2481,.T.);
#2702=FACE_BOUND('',#2482,.T.);
#2703=FACE_BOUND('',#2483,.T.);
#2704=FACE_BOUND('',#2484,.T.);
#2705=FACE_BOUND('',#2485,.T.);
#2706=FACE_BOUND('',#2486,.T.);
#2707=FACE_BOUND('',#2487,.T.);
#2708=FACE_BOUND('',#2488,.T.);
#2709=FACE_BOUND('',#2489,.T.);
#2710=FACE_BOUND('',#2490,.T.);
#2711=FACE_BOUND('',#2491,.T.);
#2712=FACE_BOUND('',#2492,.T.);
#2713=FACE_BOUND('',#2493,.T.);
#2714=FACE_BOUND('',#2494,.T.);
#2715=FACE_BOUND('',#2495,.T.);
#2716=FACE_BOUND('',#2496,.T.);
#2717=FACE_BOUND('',#2497,.T.);
#2718=FACE_BOUND('',#2498,.T.);
#2719=FACE_BOUND('',#2499,.T.);
#2720=FACE_BOUND('',#2500,.T.);
#2721=FACE_BOUND('',#2501,.T.);
#2722=FACE_BOUND('',#2502,.T.);
#2723=FACE_BOUND('',#2503,.T.);
#2724=FACE_BOUND('',#2504,.T.);
#2725=FACE_BOUND('',#2505,.T.);
#2726=FACE_BOUND('',#2506,.T.);
#2727=FACE_BOUND('',#2507,.T.);
#2728=FACE_BOUND('',#2508,.T.);
#2729=FACE_BOUND('',#2509,.T.);
#2730=FACE_BOUND('',#2510,.T.);
#2731=FACE_BOUND('',#2511,.T.);
#2732=FACE_BOUND('',#2512,.T.);
#2733=FACE_BOUND('',#2513,.T.);
#2734=FACE_BOUND('',#2514,.T.);
#2735=FACE_BOUND('',#2515,.T.);
#2736=FACE_BOUND('',#2516,.T.);
#2737=FACE_BOUND('',#2517,.T.);
#2738=FACE_BOUND('',#2518,.T.);
#2739=FACE_BOUND('',#2519,.T.);
#2740=FACE_BOUND('',#2520,.T.);
#2741=FACE_BOUND('',#2521,.T.);
#2742=FACE_BOUND('',#2522,.T.);
#2743=FACE_BOUND('',#2523,.T.);
#2744=FACE_BOUND('',#2524,.T.);
#2745=FACE_BOUND('',#2525,.T.);
#2746=FACE_BOUND('',#2526,.T.);
#2747=FACE_BOUND('',#2527,.T.);
#2748=FACE_BOUND('',#2528,.T.);
#2749=FACE_BOUND('',#2529,.T.);
#2750=FACE_BOUND('',#2530,.T.);
#2751=FACE_BOUND('',#2531,.T.);
#2752=FACE_BOUND('',#2532,.T.);
#2753=FACE_BOUND('',#2533,.T.);
#2754=FACE_BOUND('',#2534,.T.);
#2755=FACE_BOUND('',#2535,.T.);
#2756=FACE_BOUND('',#2536,.T.);
#2757=FACE_BOUND('',#2537,.T.);
#2758=FACE_BOUND('',#2538,.T.);
#2759=FACE_BOUND('',#2539,.T.);
#2760=FACE_BOUND('',#2540,.T.);
#2761=FACE_BOUND('',#2541,.T.);
#2762=FACE_BOUND('',#2542,.T.);
#2763=FACE_BOUND('',#2543,.T.);
#2764=FACE_BOUND('',#2544,.T.);
#2765=FACE_BOUND('',#2545,.T.);
#2766=FACE_BOUND('',#2546,.T.);
#2767=FACE_BOUND('',#2547,.T.);
#2768=FACE_BOUND('',#2548,.T.);
#2769=FACE_BOUND('',#2549,.T.);
#2770=FACE_BOUND('',#2550,.T.);
#2771=FACE_BOUND('',#2551,.T.);
#2772=FACE_BOUND('',#2552,.T.);
#2773=FACE_BOUND('',#2553,.T.);
#2774=FACE_BOUND('',#2554,.T.);
#2775=FACE_BOUND('',#2555,.T.);
#2776=FACE_BOUND('',#2556,.T.);
#2777=FACE_BOUND('',#2557,.T.);
#2778=FACE_BOUND('',#2558,.T.);
#2779=FACE_BOUND('',#2559,.T.);
#2780=FACE_BOUND('',#2560,.T.);
#2781=FACE_BOUND('',#2561,.T.);
#2782=FACE_BOUND('',#2562,.T.);
#2783=FACE_BOUND('',#2563,.T.);
#2784=FACE_BOUND('',#2564,.T.);
#2785=FACE_BOUND('',#2565,.T.);
#2786=PLANE('',#3101);
#2787=PLANE('',#3102);
#2788=PLANE('',#3111);
#2789=PLANE('',#3112);
#2790=PLANE('',#3113);
#2791=PLANE('',#3114);
#2792=PLANE('',#3115);
#2793=PLANE('',#3124);
#2794=PLANE('',#3125);
#2795=PLANE('',#3126);
#2796=PLANE('',#3127);
#2797=PLANE('',#3128);
#2798=PLANE('',#3129);
#2799=PLANE('',#3134);
#2800=PLANE('',#3135);
#2801=PLANE('',#3136);
#2802=PLANE('',#3137);
#2803=PLANE('',#3138);
#2804=PLANE('',#3139);
#2805=PLANE('',#3140);
#2806=PLANE('',#3141);
#2807=PLANE('',#3142);
#2808=PLANE('',#3143);
#2809=PLANE('',#3144);
#2810=PLANE('',#3145);
#2811=PLANE('',#3146);
#2812=PLANE('',#3147);
#2813=PLANE('',#3148);
#2814=PLANE('',#3149);
#2815=PLANE('',#3150);
#2816=PLANE('',#3151);
#2817=PLANE('',#3152);
#2818=PLANE('',#3153);
#2819=PLANE('',#3154);
#2820=PLANE('',#3155);
#2821=PLANE('',#3156);
#2822=PLANE('',#3157);
#2823=PLANE('',#3158);
#2824=PLANE('',#3159);
#2825=PLANE('',#3160);
#2826=PLANE('',#3161);
#2827=PLANE('',#3162);
#2828=PLANE('',#3163);
#2829=PLANE('',#3164);
#2830=PLANE('',#3165);
#2831=PLANE('',#3166);
#2832=PLANE('',#3167);
#2833=PLANE('',#3168);
#2834=PLANE('',#3169);
#2835=PLANE('',#3170);
#2836=PLANE('',#3171);
#2837=PLANE('',#3172);
#2838=PLANE('',#3173);
#2839=PLANE('',#3174);
#2840=PLANE('',#3175);
#2841=PLANE('',#3176);
#2842=PLANE('',#3177);
#2843=PLANE('',#3178);
#2844=PLANE('',#3179);
#2845=PLANE('',#3180);
#2846=PLANE('',#3181);
#2847=PLANE('',#3182);
#2848=PLANE('',#3183);
#2849=PLANE('',#3184);
#2850=PLANE('',#3185);
#2851=PLANE('',#3190);
#2852=PLANE('',#3191);
#2853=PLANE('',#3192);
#2854=PLANE('',#3193);
#2855=PLANE('',#3194);
#2856=PLANE('',#3195);
#2857=PLANE('',#3196);
#2858=PLANE('',#3197);
#2859=PLANE('',#3198);
#2860=PLANE('',#3206);
#2861=PLANE('',#3215);
#2862=PLANE('',#3216);
#2863=PLANE('',#3225);
#2864=PLANE('',#3234);
#2865=PLANE('',#3235);
#2866=PLANE('',#3236);
#2867=PLANE('',#3237);
#2868=PLANE('',#3238);
#2869=PLANE('',#3239);
#2870=PLANE('',#3240);
#2871=PLANE('',#3241);
#2872=PLANE('',#3244);
#2873=PLANE('',#3247);
#2874=PLANE('',#3250);
#2875=PLANE('',#3253);
#2876=PLANE('',#3254);
#2877=PLANE('',#3255);
#2878=PLANE('',#3256);
#2879=PLANE('',#3257);
#2880=PLANE('',#3258);
#2881=PLANE('',#3259);
#2882=PLANE('',#3260);
#2883=PLANE('',#3261);
#2884=PLANE('',#3262);
#2885=PLANE('',#3263);
#2886=PLANE('',#3264);
#2887=PLANE('',#3265);
#2888=PLANE('',#3266);
#2889=PLANE('',#3267);
#2890=PLANE('',#3268);
#2891=PLANE('',#3269);
#2892=PLANE('',#3270);
#2893=PLANE('',#3271);
#2894=PLANE('',#3272);
#2895=PLANE('',#3273);
#2896=PLANE('',#3274);
#2897=PLANE('',#3275);
#2898=PLANE('',#3276);
#2899=PLANE('',#3277);
#2900=PLANE('',#3278);
#2901=PLANE('',#3279);
#2902=PLANE('',#3280);
#2903=PLANE('',#3281);
#2904=PLANE('',#3282);
#2905=PLANE('',#3283);
#2906=PLANE('',#3284);
#2907=PLANE('',#3285);
#2908=PLANE('',#3286);
#2909=PLANE('',#3287);
#2910=PLANE('',#3288);
#2911=PLANE('',#3289);
#2912=PLANE('',#3290);
#2913=PLANE('',#3291);
#2914=PLANE('',#3292);
#2915=PLANE('',#3293);
#2916=PLANE('',#3294);
#2917=PLANE('',#3299);
#2918=PLANE('',#3300);
#2919=PLANE('',#3301);
#2920=ADVANCED_FACE('',(#2566,#2567,#2568,#2569,#2570,#2571,#2572,#2573,#2574,#2575,#2576,#2577,#2578,#2579),#2786,.T.);
#2921=ADVANCED_FACE('',(#2580,#2581,#2582,#2583,#2584,#2585,#2586,#2587,#2588,#2589,#2590,#2591,#2592,#2593,#2594,#2595,#2596,#2597),#2787,.T.);
#2922=ADVANCED_FACE('',(#2598),#2788,.T.);
#2923=ADVANCED_FACE('',(#2599),#2789,.T.);
#2924=ADVANCED_FACE('',(#2600),#2790,.T.);
#2925=ADVANCED_FACE('',(#2601),#2791,.F.);
#2926=ADVANCED_FACE('',(#2602,#2603,#2604,#2605,#2606),#2792,.F.);
#2927=ADVANCED_FACE('',(#2607),#2793,.T.);
#2928=ADVANCED_FACE('',(#2608),#2794,.F.);
#2929=ADVANCED_FACE('',(#2609),#2795,.T.);
#2930=ADVANCED_FACE('',(#2610),#2796,.F.);
#2931=ADVANCED_FACE('',(#2611),#2797,.F.);
#2932=ADVANCED_FACE('',(#2612),#2798,.T.);
#2933=ADVANCED_FACE('',(#2613,#2614),#14,.F.);
#2934=ADVANCED_FACE('',(#2615,#2616),#15,.F.);
#2935=ADVANCED_FACE('',(#2617,#2618),#16,.F.);
#2936=ADVANCED_FACE('',(#2619,#2620),#17,.F.);
#2937=ADVANCED_FACE('',(#2621),#2799,.T.);
#2938=ADVANCED_FACE('',(#2622),#2800,.F.);
#2939=ADVANCED_FACE('',(#2623),#2801,.T.);
#2940=ADVANCED_FACE('',(#2624),#2802,.F.);
#2941=ADVANCED_FACE('',(#2625),#2803,.T.);
#2942=ADVANCED_FACE('',(#2626),#2804,.F.);
#2943=ADVANCED_FACE('',(#2627),#2805,.T.);
#2944=ADVANCED_FACE('',(#2628),#2806,.F.);
#2945=ADVANCED_FACE('',(#2629),#2807,.T.);
#2946=ADVANCED_FACE('',(#2630),#2808,.F.);
#2947=ADVANCED_FACE('',(#2631),#2809,.T.);
#2948=ADVANCED_FACE('',(#2632),#2810,.F.);
#2949=ADVANCED_FACE('',(#2633),#2811,.T.);
#2950=ADVANCED_FACE('',(#2634),#2812,.F.);
#2951=ADVANCED_FACE('',(#2635),#2813,.T.);
#2952=ADVANCED_FACE('',(#2636),#2814,.F.);
#2953=ADVANCED_FACE('',(#2637),#2815,.T.);
#2954=ADVANCED_FACE('',(#2638),#2816,.F.);
#2955=ADVANCED_FACE('',(#2639),#2817,.T.);
#2956=ADVANCED_FACE('',(#2640),#2818,.F.);
#2957=ADVANCED_FACE('',(#2641),#2819,.T.);
#2958=ADVANCED_FACE('',(#2642),#2820,.F.);
#2959=ADVANCED_FACE('',(#2643),#2821,.T.);
#2960=ADVANCED_FACE('',(#2644),#2822,.F.);
#2961=ADVANCED_FACE('',(#2645),#2823,.T.);
#2962=ADVANCED_FACE('',(#2646),#2824,.F.);
#2963=ADVANCED_FACE('',(#2647),#2825,.T.);
#2964=ADVANCED_FACE('',(#2648),#2826,.F.);
#2965=ADVANCED_FACE('',(#2649),#2827,.T.);
#2966=ADVANCED_FACE('',(#2650),#2828,.F.);
#2967=ADVANCED_FACE('',(#2651),#2829,.T.);
#2968=ADVANCED_FACE('',(#2652),#2830,.F.);
#2969=ADVANCED_FACE('',(#2653),#2831,.T.);
#2970=ADVANCED_FACE('',(#2654),#2832,.F.);
#2971=ADVANCED_FACE('',(#2655),#2833,.T.);
#2972=ADVANCED_FACE('',(#2656),#2834,.F.);
#2973=ADVANCED_FACE('',(#2657),#2835,.T.);
#2974=ADVANCED_FACE('',(#2658),#2836,.F.);
#2975=ADVANCED_FACE('',(#2659),#2837,.T.);
#2976=ADVANCED_FACE('',(#2660),#2838,.F.);
#2977=ADVANCED_FACE('',(#2661),#2839,.T.);
#2978=ADVANCED_FACE('',(#2662),#2840,.F.);
#2979=ADVANCED_FACE('',(#2663),#2841,.T.);
#2980=ADVANCED_FACE('',(#2664),#2842,.F.);
#2981=ADVANCED_FACE('',(#2665),#2843,.T.);
#2982=ADVANCED_FACE('',(#2666),#2844,.F.);
#2983=ADVANCED_FACE('',(#2667),#2845,.T.);
#2984=ADVANCED_FACE('',(#2668),#2846,.F.);
#2985=ADVANCED_FACE('',(#2669),#2847,.T.);
#2986=ADVANCED_FACE('',(#2670),#2848,.F.);
#2987=ADVANCED_FACE('',(#2671),#2849,.F.);
#2988=ADVANCED_FACE('',(#2672),#2850,.T.);
#2989=ADVANCED_FACE('',(#2673),#18,.T.);
#2990=ADVANCED_FACE('',(#2674),#19,.T.);
#2991=ADVANCED_FACE('',(#2675),#20,.T.);
#2992=ADVANCED_FACE('',(#2676),#21,.T.);
#2993=ADVANCED_FACE('',(#2677),#2851,.T.);
#2994=ADVANCED_FACE('',(#2678),#2852,.T.);
#2995=ADVANCED_FACE('',(#2679),#2853,.T.);
#2996=ADVANCED_FACE('',(#2680),#2854,.F.);
#2997=ADVANCED_FACE('',(#2681),#2855,.F.);
#2998=ADVANCED_FACE('',(#2682),#2856,.T.);
#2999=ADVANCED_FACE('',(#2683),#2857,.T.);
#3000=ADVANCED_FACE('',(#2684),#2858,.T.);
#3001=ADVANCED_FACE('',(#2685),#2859,.T.);
#3002=ADVANCED_FACE('',(#2686),#22,.F.);
#3003=ADVANCED_FACE('',(#2687),#23,.F.);
#3004=ADVANCED_FACE('',(#2688,#2689,#2690,#2691,#2692),#2860,.T.);
#3005=ADVANCED_FACE('',(#2693),#2861,.T.);
#3006=ADVANCED_FACE('',(#2694,#2695,#2696,#2697,#2698,#2699,#2700),#2862,.T.);
#3007=ADVANCED_FACE('',(#2701,#2702),#24,.F.);
#3008=ADVANCED_FACE('',(#2703,#2704),#25,.F.);
#3009=ADVANCED_FACE('',(#2705,#2706),#26,.F.);
#3010=ADVANCED_FACE('',(#2707,#2708),#27,.F.);
#3011=ADVANCED_FACE('',(#2709,#2710,#2711,#2712,#2713),#2863,.F.);
#3012=ADVANCED_FACE('',(#2714),#2864,.T.);
#3013=ADVANCED_FACE('',(#2715),#2865,.T.);
#3014=ADVANCED_FACE('',(#2716),#2866,.T.);
#3015=ADVANCED_FACE('',(#2717),#2867,.T.);
#3016=ADVANCED_FACE('',(#2718),#2868,.T.);
#3017=ADVANCED_FACE('',(#2719),#2869,.F.);
#3018=ADVANCED_FACE('',(#2720),#2870,.F.);
#3019=ADVANCED_FACE('',(#2721,#2722),#2871,.T.);
#3020=ADVANCED_FACE('',(#2723,#2724),#28,.F.);
#3021=ADVANCED_FACE('',(#2725,#2726),#2872,.T.);
#3022=ADVANCED_FACE('',(#2727,#2728),#29,.F.);
#3023=ADVANCED_FACE('',(#2729,#2730),#2873,.T.);
#3024=ADVANCED_FACE('',(#2731,#2732),#30,.F.);
#3025=ADVANCED_FACE('',(#2733,#2734),#2874,.T.);
#3026=ADVANCED_FACE('',(#2735,#2736),#31,.F.);
#3027=ADVANCED_FACE('',(#2737),#2875,.F.);
#3028=ADVANCED_FACE('',(#2738),#2876,.F.);
#3029=ADVANCED_FACE('',(#2739),#2877,.F.);
#3030=ADVANCED_FACE('',(#2740),#2878,.F.);
#3031=ADVANCED_FACE('',(#2741),#2879,.T.);
#3032=ADVANCED_FACE('',(#2742),#2880,.F.);
#3033=ADVANCED_FACE('',(#2743),#2881,.F.);
#3034=ADVANCED_FACE('',(#2744),#2882,.F.);
#3035=ADVANCED_FACE('',(#2745),#2883,.F.);
#3036=ADVANCED_FACE('',(#2746),#2884,.T.);
#3037=ADVANCED_FACE('',(#2747),#2885,.F.);
#3038=ADVANCED_FACE('',(#2748),#2886,.F.);
#3039=ADVANCED_FACE('',(#2749),#2887,.F.);
#3040=ADVANCED_FACE('',(#2750),#2888,.F.);
#3041=ADVANCED_FACE('',(#2751),#2889,.T.);
#3042=ADVANCED_FACE('',(#2752),#2890,.F.);
#3043=ADVANCED_FACE('',(#2753),#2891,.F.);
#3044=ADVANCED_FACE('',(#2754),#2892,.F.);
#3045=ADVANCED_FACE('',(#2755),#2893,.F.);
#3046=ADVANCED_FACE('',(#2756),#2894,.T.);
#3047=ADVANCED_FACE('',(#2757),#2895,.F.);
#3048=ADVANCED_FACE('',(#2758),#2896,.F.);
#3049=ADVANCED_FACE('',(#2759),#2897,.F.);
#3050=ADVANCED_FACE('',(#2760),#2898,.F.);
#3051=ADVANCED_FACE('',(#2761),#2899,.T.);
#3052=ADVANCED_FACE('',(#2762),#2900,.F.);
#3053=ADVANCED_FACE('',(#2763),#2901,.F.);
#3054=ADVANCED_FACE('',(#2764),#2902,.F.);
#3055=ADVANCED_FACE('',(#2765),#2903,.F.);
#3056=ADVANCED_FACE('',(#2766),#2904,.T.);
#3057=ADVANCED_FACE('',(#2767),#2905,.T.);
#3058=ADVANCED_FACE('',(#2768),#2906,.F.);
#3059=ADVANCED_FACE('',(#2769),#2907,.T.);
#3060=ADVANCED_FACE('',(#2770),#2908,.F.);
#3061=ADVANCED_FACE('',(#2771),#2909,.T.);
#3062=ADVANCED_FACE('',(#2772),#2910,.T.);
#3063=ADVANCED_FACE('',(#2773),#2911,.T.);
#3064=ADVANCED_FACE('',(#2774),#2912,.F.);
#3065=ADVANCED_FACE('',(#2775),#2913,.T.);
#3066=ADVANCED_FACE('',(#2776),#2914,.F.);
#3067=ADVANCED_FACE('',(#2777),#2915,.T.);
#3068=ADVANCED_FACE('',(#2778),#2916,.T.);
#3069=ADVANCED_FACE('',(#2779),#32,.T.);
#3070=ADVANCED_FACE('',(#2780),#33,.T.);
#3071=ADVANCED_FACE('',(#2781),#34,.T.);
#3072=ADVANCED_FACE('',(#2782),#35,.T.);
#3073=ADVANCED_FACE('',(#2783),#2917,.T.);
#3074=ADVANCED_FACE('',(#2784),#2918,.F.);
#3075=ADVANCED_FACE('',(#2785),#2919,.T.);
#3076=CLOSED_SHELL('',(#2920,#2921,#2922,#2923,#2924,#2925,#2926,#2927,#2928,#2929,#2930,#2931,#2932,#2933,#2934,#2935,#2936,#2937,#2938,#2939,#2940,#2941,#2942,#2943,#2944,#2945,#2946,#2947,#2948,#2949,#2950,#2951,#2952,#2953,#2954,#2955,#2956,#2957,#2958,#2959,#2960,#2961,#2962,#2963,#2964,#2965,#2966,#2967,#2968,#2969,#2970,#2971,#2972,#2973,#2974,#2975,#2976,#2977,#2978,#2979,#2980,#2981,#2982,#2983,#2984,#2985,#2986,#2987,#2988,#2989,#2990,#2991,#2992,#2993,#2994,#2995,#2996,#2997,#2998,#2999,#3000,#3001));
#3077=CLOSED_SHELL('',(#3002,#3003,#3004,#3005,#3006,#3007,#3008,#3009,#3010,#3011,#3012,#3013,#3014,#3015,#3016,#3017,#3018,#3019,#3020,#3021,#3022,#3023,#3024,#3025,#3026,#3027,#3028,#3029,#3030,#3031,#3032,#3033,#3034,#3035,#3036,#3037,#3038,#3039,#3040,#3041,#3042,#3043,#3044,#3045,#3046,#3047,#3048,#3049,#3050,#3051,#3052,#3053,#3054,#3055,#3056,#3057,#3058,#3059,#3060,#3061,#3062,#3063,#3064,#3065,#3066,#3067,#3068,#3069,#3070,#3071,#3072,#3073,#3074,#3075));
#3078=STYLED_ITEM('',(#3080),#3094);
#3079=STYLED_ITEM('',(#3081),#3095);
#3080=PRESENTATION_STYLE_ASSIGNMENT((#3082));
#3081=PRESENTATION_STYLE_ASSIGNMENT((#3083));
#3082=SURFACE_STYLE_USAGE(.BOTH.,#3084);
#3083=SURFACE_STYLE_USAGE(.BOTH.,#3085);
#3084=SURFACE_SIDE_STYLE('',(#3086));
#3085=SURFACE_SIDE_STYLE('',(#3087));
#3086=SURFACE_STYLE_FILL_AREA(#3088);
#3087=SURFACE_STYLE_FILL_AREA(#3089);
#3088=FILL_AREA_STYLE('',(#3090));
#3089=FILL_AREA_STYLE('',(#3091));
#3090=FILL_AREA_STYLE_COLOUR('',#3092);
#3091=FILL_AREA_STYLE_COLOUR('',#3093);
#3092=DRAUGHTING_PRE_DEFINED_COLOUR('black');
#3093=DRAUGHTING_PRE_DEFINED_COLOUR('white');
#3094=MANIFOLD_SOLID_BREP('Part 2',#3076);
#3095=MANIFOLD_SOLID_BREP('Part 1',#3077);
#3096=SHAPE_DEFINITION_REPRESENTATION(#4944,#3098);
#3097=SHAPE_DEFINITION_REPRESENTATION(#4945,#3099);
#3098=SHAPE_REPRESENTATION('Part 2',(#3100),#4934);
#3099=SHAPE_REPRESENTATION('Part 1',(#3199),#4935);
#3100=AXIS2_PLACEMENT_3D('',#4076,#3302,#3303);
#3101=AXIS2_PLACEMENT_3D('',#4077,#3304,#3305);
#3102=AXIS2_PLACEMENT_3D('',#4206,#3370,#3371);
#3103=AXIS2_PLACEMENT_3D('',#4207,#3372,#3373);
#3104=AXIS2_PLACEMENT_3D('',#4209,#3374,#3375);
#3105=AXIS2_PLACEMENT_3D('',#4211,#3376,#3377);
#3106=AXIS2_PLACEMENT_3D('',#4213,#3378,#3379);
#3107=AXIS2_PLACEMENT_3D('',#4316,#3430,#3431);
#3108=AXIS2_PLACEMENT_3D('',#4320,#3433,#3434);
#3109=AXIS2_PLACEMENT_3D('',#4324,#3436,#3437);
#3110=AXIS2_PLACEMENT_3D('',#4328,#3439,#3440);
#3111=AXIS2_PLACEMENT_3D('',#4343,#3448,#3449);
#3112=AXIS2_PLACEMENT_3D('',#4349,#3453,#3454);
#3113=AXIS2_PLACEMENT_3D('',#4355,#3458,#3459);
#3114=AXIS2_PLACEMENT_3D('',#4366,#3466,#3467);
#3115=AXIS2_PLACEMENT_3D('',#4372,#3471,#3472);
#3116=AXIS2_PLACEMENT_3D('',#4373,#3473,#3474);
#3117=AXIS2_PLACEMENT_3D('',#4375,#3475,#3476);
#3118=AXIS2_PLACEMENT_3D('',#4377,#3477,#3478);
#3119=AXIS2_PLACEMENT_3D('',#4379,#3479,#3480);
#3120=AXIS2_PLACEMENT_3D('',#4397,#3489,#3490);
#3121=AXIS2_PLACEMENT_3D('',#4401,#3492,#3493);
#3122=AXIS2_PLACEMENT_3D('',#4405,#3495,#3496);
#3123=AXIS2_PLACEMENT_3D('',#4409,#3498,#3499);
#3124=AXIS2_PLACEMENT_3D('',#4410,#3500,#3501);
#3125=AXIS2_PLACEMENT_3D('',#4413,#3504,#3505);
#3126=AXIS2_PLACEMENT_3D('',#4416,#3508,#3509);
#3127=AXIS2_PLACEMENT_3D('',#4419,#3512,#3513);
#3128=AXIS2_PLACEMENT_3D('',#4422,#3516,#3517);
#3129=AXIS2_PLACEMENT_3D('',#4425,#3520,#3521);
#3130=AXIS2_PLACEMENT_3D('',#4428,#3524,#3525);
#3131=AXIS2_PLACEMENT_3D('',#4429,#3526,#3527);
#3132=AXIS2_PLACEMENT_3D('',#4430,#3528,#3529);
#3133=AXIS2_PLACEMENT_3D('',#4431,#3530,#3531);
#3134=AXIS2_PLACEMENT_3D('',#4432,#3532,#3533);
#3135=AXIS2_PLACEMENT_3D('',#4435,#3536,#3537);
#3136=AXIS2_PLACEMENT_3D('',#4437,#3539,#3540);
#3137=AXIS2_PLACEMENT_3D('',#4439,#3542,#3543);
#3138=AXIS2_PLACEMENT_3D('',#4440,#3544,#3545);
#3139=AXIS2_PLACEMENT_3D('',#4443,#3548,#3549);
#3140=AXIS2_PLACEMENT_3D('',#4445,#3551,#3552);
#3141=AXIS2_PLACEMENT_3D('',#4447,#3554,#3555);
#3142=AXIS2_PLACEMENT_3D('',#4448,#3556,#3557);
#3143=AXIS2_PLACEMENT_3D('',#4451,#3560,#3561);
#3144=AXIS2_PLACEMENT_3D('',#4453,#3563,#3564);
#3145=AXIS2_PLACEMENT_3D('',#4455,#3566,#3567);
#3146=AXIS2_PLACEMENT_3D('',#4456,#3568,#3569);
#3147=AXIS2_PLACEMENT_3D('',#4459,#3572,#3573);
#3148=AXIS2_PLACEMENT_3D('',#4461,#3575,#3576);
#3149=AXIS2_PLACEMENT_3D('',#4463,#3578,#3579);
#3150=AXIS2_PLACEMENT_3D('',#4464,#3580,#3581);
#3151=AXIS2_PLACEMENT_3D('',#4467,#3584,#3585);
#3152=AXIS2_PLACEMENT_3D('',#4469,#3587,#3588);
#3153=AXIS2_PLACEMENT_3D('',#4471,#3590,#3591);
#3154=AXIS2_PLACEMENT_3D('',#4472,#3592,#3593);
#3155=AXIS2_PLACEMENT_3D('',#4475,#3596,#3597);
#3156=AXIS2_PLACEMENT_3D('',#4477,#3599,#3600);
#3157=AXIS2_PLACEMENT_3D('',#4479,#3602,#3603);
#3158=AXIS2_PLACEMENT_3D('',#4480,#3604,#3605);
#3159=AXIS2_PLACEMENT_3D('',#4483,#3608,#3609);
#3160=AXIS2_PLACEMENT_3D('',#4485,#3611,#3612);
#3161=AXIS2_PLACEMENT_3D('',#4487,#3614,#3615);
#3162=AXIS2_PLACEMENT_3D('',#4488,#3616,#3617);
#3163=AXIS2_PLACEMENT_3D('',#4491,#3620,#3621);
#3164=AXIS2_PLACEMENT_3D('',#4493,#3623,#3624);
#3165=AXIS2_PLACEMENT_3D('',#4495,#3626,#3627);
#3166=AXIS2_PLACEMENT_3D('',#4496,#3628,#3629);
#3167=AXIS2_PLACEMENT_3D('',#4499,#3632,#3633);
#3168=AXIS2_PLACEMENT_3D('',#4501,#3635,#3636);
#3169=AXIS2_PLACEMENT_3D('',#4503,#3638,#3639);
#3170=AXIS2_PLACEMENT_3D('',#4504,#3640,#3641);
#3171=AXIS2_PLACEMENT_3D('',#4507,#3644,#3645);
#3172=AXIS2_PLACEMENT_3D('',#4509,#3647,#3648);
#3173=AXIS2_PLACEMENT_3D('',#4511,#3650,#3651);
#3174=AXIS2_PLACEMENT_3D('',#4512,#3652,#3653);
#3175=AXIS2_PLACEMENT_3D('',#4515,#3656,#3657);
#3176=AXIS2_PLACEMENT_3D('',#4517,#3659,#3660);
#3177=AXIS2_PLACEMENT_3D('',#4519,#3662,#3663);
#3178=AXIS2_PLACEMENT_3D('',#4520,#3664,#3665);
#3179=AXIS2_PLACEMENT_3D('',#4523,#3668,#3669);
#3180=AXIS2_PLACEMENT_3D('',#4525,#3671,#3672);
#3181=AXIS2_PLACEMENT_3D('',#4527,#3674,#3675);
#3182=AXIS2_PLACEMENT_3D('',#4528,#3676,#3677);
#3183=AXIS2_PLACEMENT_3D('',#4531,#3680,#3681);
#3184=AXIS2_PLACEMENT_3D('',#4533,#3683,#3684);
#3185=AXIS2_PLACEMENT_3D('',#4535,#3686,#3687);
#3186=AXIS2_PLACEMENT_3D('',#4536,#3688,#3689);
#3187=AXIS2_PLACEMENT_3D('',#4537,#3690,#3691);
#3188=AXIS2_PLACEMENT_3D('',#4538,#3692,#3693);
#3189=AXIS2_PLACEMENT_3D('',#4539,#3694,#3695);
#3190=AXIS2_PLACEMENT_3D('',#4540,#3696,#3697);
#3191=AXIS2_PLACEMENT_3D('',#4542,#3699,#3700);
#3192=AXIS2_PLACEMENT_3D('',#4544,#3702,#3703);
#3193=AXIS2_PLACEMENT_3D('',#4545,#3704,#3705);
#3194=AXIS2_PLACEMENT_3D('',#4546,#3706,#3707);
#3195=AXIS2_PLACEMENT_3D('',#4547,#3708,#3709);
#3196=AXIS2_PLACEMENT_3D('',#4550,#3712,#3713);
#3197=AXIS2_PLACEMENT_3D('',#4552,#3715,#3716);
#3198=AXIS2_PLACEMENT_3D('',#4554,#3718,#3719);
#3199=AXIS2_PLACEMENT_3D('',#4555,#3720,#3721);
#3200=AXIS2_PLACEMENT_3D('',#4556,#3722,#3723);
#3201=AXIS2_PLACEMENT_3D('',#4560,#3725,#3726);
#3202=AXIS2_PLACEMENT_3D('',#4564,#3728,#3729);
#3203=AXIS2_PLACEMENT_3D('',#4565,#3730,#3731);
#3204=AXIS2_PLACEMENT_3D('',#4569,#3733,#3734);
#3205=AXIS2_PLACEMENT_3D('',#4573,#3736,#3737);
#3206=AXIS2_PLACEMENT_3D('',#4574,#3738,#3739);
#3207=AXIS2_PLACEMENT_3D('',#4575,#3740,#3741);
#3208=AXIS2_PLACEMENT_3D('',#4577,#3742,#3743);
#3209=AXIS2_PLACEMENT_3D('',#4579,#3744,#3745);
#3210=AXIS2_PLACEMENT_3D('',#4581,#3746,#3747);
#3211=AXIS2_PLACEMENT_3D('',#4590,#3751,#3752);
#3212=AXIS2_PLACEMENT_3D('',#4594,#3754,#3755);
#3213=AXIS2_PLACEMENT_3D('',#4598,#3757,#3758);
#3214=AXIS2_PLACEMENT_3D('',#4602,#3760,#3761);
#3215=AXIS2_PLACEMENT_3D('',#4615,#3768,#3769);
#3216=AXIS2_PLACEMENT_3D('',#4632,#3780,#3781);
#3217=AXIS2_PLACEMENT_3D('',#4702,#3817,#3818);
#3218=AXIS2_PLACEMENT_3D('',#4703,#3819,#3820);
#3219=AXIS2_PLACEMENT_3D('',#4705,#3821,#3822);
#3220=AXIS2_PLACEMENT_3D('',#4706,#3823,#3824);
#3221=AXIS2_PLACEMENT_3D('',#4708,#3825,#3826);
#3222=AXIS2_PLACEMENT_3D('',#4709,#3827,#3828);
#3223=AXIS2_PLACEMENT_3D('',#4711,#3829,#3830);
#3224=AXIS2_PLACEMENT_3D('',#4712,#3831,#3832);
#3225=AXIS2_PLACEMENT_3D('',#4714,#3833,#3834);
#3226=AXIS2_PLACEMENT_3D('',#4715,#3835,#3836);
#3227=AXIS2_PLACEMENT_3D('',#4717,#3837,#3838);
#3228=AXIS2_PLACEMENT_3D('',#4719,#3839,#3840);
#3229=AXIS2_PLACEMENT_3D('',#4721,#3841,#3842);
#3230=AXIS2_PLACEMENT_3D('',#4726,#3844,#3845);
#3231=AXIS2_PLACEMENT_3D('',#4730,#3847,#3848);
#3232=AXIS2_PLACEMENT_3D('',#4734,#3850,#3851);
#3233=AXIS2_PLACEMENT_3D('',#4738,#3853,#3854);
#3234=AXIS2_PLACEMENT_3D('',#4739,#3855,#3856);
#3235=AXIS2_PLACEMENT_3D('',#4748,#3862,#3863);
#3236=AXIS2_PLACEMENT_3D('',#4757,#3869,#3870);
#3237=AXIS2_PLACEMENT_3D('',#4764,#3875,#3876);
#3238=AXIS2_PLACEMENT_3D('',#4767,#3879,#3880);
#3239=AXIS2_PLACEMENT_3D('',#4770,#3883,#3884);
#3240=AXIS2_PLACEMENT_3D('',#4773,#3887,#3888);
#3241=AXIS2_PLACEMENT_3D('',#4779,#3894,#3895);
#3242=AXIS2_PLACEMENT_3D('',#4780,#3896,#3897);
#3243=AXIS2_PLACEMENT_3D('',#4782,#3898,#3899);
#3244=AXIS2_PLACEMENT_3D('',#4783,#3900,#3901);
#3245=AXIS2_PLACEMENT_3D('',#4784,#3902,#3903);
#3246=AXIS2_PLACEMENT_3D('',#4786,#3904,#3905);
#3247=AXIS2_PLACEMENT_3D('',#4787,#3906,#3907);
#3248=AXIS2_PLACEMENT_3D('',#4788,#3908,#3909);
#3249=AXIS2_PLACEMENT_3D('',#4790,#3910,#3911);
#3250=AXIS2_PLACEMENT_3D('',#4791,#3912,#3913);
#3251=AXIS2_PLACEMENT_3D('',#4792,#3914,#3915);
#3252=AXIS2_PLACEMENT_3D('',#4794,#3916,#3917);
#3253=AXIS2_PLACEMENT_3D('',#4795,#3918,#3919);
#3254=AXIS2_PLACEMENT_3D('',#4801,#3923,#3924);
#3255=AXIS2_PLACEMENT_3D('',#4805,#3927,#3928);
#3256=AXIS2_PLACEMENT_3D('',#4809,#3931,#3932);
#3257=AXIS2_PLACEMENT_3D('',#4811,#3934,#3935);
#3258=AXIS2_PLACEMENT_3D('',#4812,#3936,#3937);
#3259=AXIS2_PLACEMENT_3D('',#4818,#3941,#3942);
#3260=AXIS2_PLACEMENT_3D('',#4822,#3945,#3946);
#3261=AXIS2_PLACEMENT_3D('',#4826,#3949,#3950);
#3262=AXIS2_PLACEMENT_3D('',#4828,#3952,#3953);
#3263=AXIS2_PLACEMENT_3D('',#4829,#3954,#3955);
#3264=AXIS2_PLACEMENT_3D('',#4835,#3959,#3960);
#3265=AXIS2_PLACEMENT_3D('',#4839,#3963,#3964);
#3266=AXIS2_PLACEMENT_3D('',#4843,#3967,#3968);
#3267=AXIS2_PLACEMENT_3D('',#4845,#3970,#3971);
#3268=AXIS2_PLACEMENT_3D('',#4846,#3972,#3973);
#3269=AXIS2_PLACEMENT_3D('',#4852,#3977,#3978);
#3270=AXIS2_PLACEMENT_3D('',#4856,#3981,#3982);
#3271=AXIS2_PLACEMENT_3D('',#4860,#3985,#3986);
#3272=AXIS2_PLACEMENT_3D('',#4862,#3988,#3989);
#3273=AXIS2_PLACEMENT_3D('',#4863,#3990,#3991);
#3274=AXIS2_PLACEMENT_3D('',#4869,#3995,#3996);
#3275=AXIS2_PLACEMENT_3D('',#4873,#3999,#4000);
#3276=AXIS2_PLACEMENT_3D('',#4877,#4003,#4004);
#3277=AXIS2_PLACEMENT_3D('',#4879,#4006,#4007);
#3278=AXIS2_PLACEMENT_3D('',#4880,#4008,#4009);
#3279=AXIS2_PLACEMENT_3D('',#4886,#4013,#4014);
#3280=AXIS2_PLACEMENT_3D('',#4890,#4017,#4018);
#3281=AXIS2_PLACEMENT_3D('',#4894,#4021,#4022);
#3282=AXIS2_PLACEMENT_3D('',#4896,#4024,#4025);
#3283=AXIS2_PLACEMENT_3D('',#4897,#4026,#4027);
#3284=AXIS2_PLACEMENT_3D('',#4901,#4030,#4031);
#3285=AXIS2_PLACEMENT_3D('',#4903,#4033,#4034);
#3286=AXIS2_PLACEMENT_3D('',#4904,#4035,#4036);
#3287=AXIS2_PLACEMENT_3D('',#4908,#4039,#4040);
#3288=AXIS2_PLACEMENT_3D('',#4910,#4042,#4043);
#3289=AXIS2_PLACEMENT_3D('',#4911,#4044,#4045);
#3290=AXIS2_PLACEMENT_3D('',#4915,#4048,#4049);
#3291=AXIS2_PLACEMENT_3D('',#4917,#4051,#4052);
#3292=AXIS2_PLACEMENT_3D('',#4918,#4053,#4054);
#3293=AXIS2_PLACEMENT_3D('',#4922,#4057,#4058);
#3294=AXIS2_PLACEMENT_3D('',#4924,#4060,#4061);
#3295=AXIS2_PLACEMENT_3D('',#4925,#4062,#4063);
#3296=AXIS2_PLACEMENT_3D('',#4926,#4064,#4065);
#3297=AXIS2_PLACEMENT_3D('',#4927,#4066,#4067);
#3298=AXIS2_PLACEMENT_3D('',#4928,#4068,#4069);
#3299=AXIS2_PLACEMENT_3D('',#4929,#4070,#4071);
#3300=AXIS2_PLACEMENT_3D('',#4930,#4072,#4073);
#3301=AXIS2_PLACEMENT_3D('',#4931,#4074,#4075);
#3302=DIRECTION('',(0.,0.,1.));
#3303=DIRECTION('',(1.,0.,0.));
#3304=DIRECTION('',(0.,0.,-1.));
#3305=DIRECTION('',(1.,0.,0.));
#3306=DIRECTION('',(-1.,0.,0.));
#3307=DIRECTION('',(6.93889390390722E-15,1.,0.));
#3308=DIRECTION('',(-1.,6.36065274524829E-15,0.));
#3309=DIRECTION('',(-6.93889390390724E-15,-1.,0.));
#3310=DIRECTION('',(-1.,0.,0.));
#3311=DIRECTION('',(0.,-1.,0.));
#3312=DIRECTION('',(-1.,0.,0.));
#3313=DIRECTION('',(0.,-1.,0.));
#3314=DIRECTION('',(1.,0.,0.));
#3315=DIRECTION('',(0.,1.,0.));
#3316=DIRECTION('',(-1.,0.,0.));
#3317=DIRECTION('',(0.,-1.,0.));
#3318=DIRECTION('',(1.,0.,0.));
#3319=DIRECTION('',(0.,1.,0.));
#3320=DIRECTION('',(-1.,0.,0.));
#3321=DIRECTION('',(0.,-1.,0.));
#3322=DIRECTION('',(1.,0.,0.));
#3323=DIRECTION('',(0.,1.,0.));
#3324=DIRECTION('',(-1.,0.,0.));
#3325=DIRECTION('',(0.,-1.,0.));
#3326=DIRECTION('',(1.,0.,0.));
#3327=DIRECTION('',(0.,1.,0.));
#3328=DIRECTION('',(-1.,0.,0.));
#3329=DIRECTION('',(0.,-1.,0.));
#3330=DIRECTION('',(1.,0.,0.));
#3331=DIRECTION('',(0.,1.,0.));
#3332=DIRECTION('',(-1.,0.,0.));
#3333=DIRECTION('',(0.,-1.,0.));
#3334=DIRECTION('',(1.,0.,0.));
#3335=DIRECTION('',(0.,1.,0.));
#3336=DIRECTION('',(-1.,0.,0.));
#3337=DIRECTION('',(0.,-1.,0.));
#3338=DIRECTION('',(1.,0.,0.));
#3339=DIRECTION('',(0.,1.,0.));
#3340=DIRECTION('',(-1.,0.,0.));
#3341=DIRECTION('',(0.,-1.,0.));
#3342=DIRECTION('',(1.,0.,0.));
#3343=DIRECTION('',(0.,1.,0.));
#3344=DIRECTION('',(-1.,0.,0.));
#3345=DIRECTION('',(0.,-1.,0.));
#3346=DIRECTION('',(1.,0.,0.));
#3347=DIRECTION('',(0.,1.,0.));
#3348=DIRECTION('',(-1.,0.,0.));
#3349=DIRECTION('',(0.,-1.,0.));
#3350=DIRECTION('',(1.,0.,0.));
#3351=DIRECTION('',(0.,1.,0.));
#3352=DIRECTION('',(-1.,0.,0.));
#3353=DIRECTION('',(0.,-1.,0.));
#3354=DIRECTION('',(1.,0.,0.));
#3355=DIRECTION('',(0.,1.,0.));
#3356=DIRECTION('',(-1.,0.,0.));
#3357=DIRECTION('',(0.,-1.,0.));
#3358=DIRECTION('',(1.,0.,0.));
#3359=DIRECTION('',(0.,1.,0.));
#3360=DIRECTION('',(-1.,0.,0.));
#3361=DIRECTION('',(0.,-1.,0.));
#3362=DIRECTION('',(4.95635278850516E-16,1.,0.));
#3363=DIRECTION('',(1.,0.,0.));
#3364=DIRECTION('',(0.,1.,0.));
#3365=DIRECTION('',(-1.,0.,0.));
#3366=DIRECTION('',(4.95635278850516E-16,1.,0.));
#3367=DIRECTION('',(-1.,5.4780741346636E-16,0.));
#3368=DIRECTION('',(-4.95635278850516E-16,-1.,0.));
#3369=DIRECTION('',(1.,-5.4780741346636E-16,0.));
#3370=DIRECTION('',(0.,0.,1.));
#3371=DIRECTION('',(1.,0.,0.));
#3372=DIRECTION('',(0.,0.,1.));
#3373=DIRECTION('',(1.,0.,0.));
#3374=DIRECTION('',(0.,0.,1.));
#3375=DIRECTION('',(1.,0.,0.));
#3376=DIRECTION('',(0.,0.,1.));
#3377=DIRECTION('',(1.,0.,0.));
#3378=DIRECTION('',(0.,0.,1.));
#3379=DIRECTION('',(1.,0.,0.));
#3380=DIRECTION('',(1.,0.,0.));
#3381=DIRECTION('',(0.,-1.,0.));
#3382=DIRECTION('',(1.,0.,0.));
#3383=DIRECTION('',(0.,-1.,0.));
#3384=DIRECTION('',(1.,0.,0.));
#3385=DIRECTION('',(0.,-1.,0.));
#3386=DIRECTION('',(1.,0.,0.));
#3387=DIRECTION('',(0.,-1.,0.));
#3388=DIRECTION('',(1.,0.,0.));
#3389=DIRECTION('',(0.,-1.,0.));
#3390=DIRECTION('',(1.,0.,0.));
#3391=DIRECTION('',(0.,-1.,0.));
#3392=DIRECTION('',(1.,0.,0.));
#3393=DIRECTION('',(0.,-1.,0.));
#3394=DIRECTION('',(1.,0.,0.));
#3395=DIRECTION('',(0.,-1.,0.));
#3396=DIRECTION('',(1.,0.,0.));
#3397=DIRECTION('',(0.,-1.,0.));
#3398=DIRECTION('',(1.,0.,0.));
#3399=DIRECTION('',(0.,-1.,0.));
#3400=DIRECTION('',(1.,0.,0.));
#3401=DIRECTION('',(0.,-1.,0.));
#3402=DIRECTION('',(1.,0.,0.));
#3403=DIRECTION('',(0.,-1.,0.));
#3404=DIRECTION('',(1.,0.,0.));
#3405=DIRECTION('',(0.,-1.,0.));
#3406=DIRECTION('',(1.,0.,0.));
#3407=DIRECTION('',(0.,-1.,0.));
#3408=DIRECTION('',(1.,0.,0.));
#3409=DIRECTION('',(0.,-1.,0.));
#3410=DIRECTION('',(1.,0.,0.));
#3411=DIRECTION('',(0.,-1.,0.));
#3412=DIRECTION('',(1.,0.,0.));
#3413=DIRECTION('',(0.,-1.,0.));
#3414=DIRECTION('',(1.,0.,0.));
#3415=DIRECTION('',(0.,-1.,0.));
#3416=DIRECTION('',(1.,0.,0.));
#3417=DIRECTION('',(0.,-1.,0.));
#3418=DIRECTION('',(1.,0.,0.));
#3419=DIRECTION('',(0.,-1.,0.));
#3420=DIRECTION('',(1.,0.,0.));
#3421=DIRECTION('',(0.,-1.,0.));
#3422=DIRECTION('',(1.,0.,0.));
#3423=DIRECTION('',(0.,-1.,0.));
#3424=DIRECTION('',(1.,0.,0.));
#3425=DIRECTION('',(0.,-1.,0.));
#3426=DIRECTION('',(1.,0.,0.));
#3427=DIRECTION('',(0.,-1.,0.));
#3428=DIRECTION('',(-6.93889390390722E-15,-1.,0.));
#3429=DIRECTION('',(-1.,0.,0.));
#3430=DIRECTION('',(0.,0.,1.));
#3431=DIRECTION('',(1.,0.,0.));
#3432=DIRECTION('',(2.61845052977631E-16,-1.,0.));
#3433=DIRECTION('',(0.,0.,1.));
#3434=DIRECTION('',(1.,0.,0.));
#3435=DIRECTION('',(-1.,0.,0.));
#3436=DIRECTION('',(0.,0.,1.));
#3437=DIRECTION('',(1.,0.,0.));
#3438=DIRECTION('',(2.61845052977631E-16,-1.,0.));
#3439=DIRECTION('',(0.,0.,1.));
#3440=DIRECTION('',(1.,0.,0.));
#3441=DIRECTION('',(-1.,0.,0.));
#3442=DIRECTION('',(6.93889390390723E-15,1.,0.));
#3443=DIRECTION('',(1.,-6.36065274524829E-15,0.));
#3444=DIRECTION('',(-1.,0.,0.));
#3445=DIRECTION('',(0.,1.,0.));
#3446=DIRECTION('',(1.,0.,0.));
#3447=DIRECTION('',(0.,-1.,0.));
#3448=DIRECTION('',(-1.,4.95635278850517E-16,0.));
#3449=DIRECTION('',(-4.95635278850517E-16,-1.,0.));
#3450=DIRECTION('',(4.95635278850516E-16,1.,0.));
#3451=DIRECTION('',(0.,0.,-1.));
#3452=DIRECTION('',(0.,0.,-1.));
#3453=DIRECTION('',(-1.,4.95635278850517E-16,0.));
#3454=DIRECTION('',(-4.95635278850517E-16,-1.,0.));
#3455=DIRECTION('',(0.,0.,1.));
#3456=DIRECTION('',(4.95635278850516E-16,1.,0.));
#3457=DIRECTION('',(0.,0.,-1.));
#3458=DIRECTION('',(0.,0.,-1.));
#3459=DIRECTION('',(1.,0.,0.));
#3460=DIRECTION('',(0.,-1.,0.));
#3461=DIRECTION('',(1.,0.,0.));
#3462=DIRECTION('',(1.,-5.4780741346636E-16,0.));
#3463=DIRECTION('',(-4.95635278850516E-16,-1.,0.));
#3464=DIRECTION('',(-1.,5.4780741346636E-16,0.));
#3465=DIRECTION('',(-1.,0.,0.));
#3466=DIRECTION('',(0.,-1.,0.));
#3467=DIRECTION('',(0.,0.,-1.));
#3468=DIRECTION('',(0.,0.,1.));
#3469=DIRECTION('',(-1.,0.,0.));
#3470=DIRECTION('',(0.,0.,-1.));
#3471=DIRECTION('',(0.,0.,1.));
#3472=DIRECTION('',(1.,0.,0.));
#3473=DIRECTION('',(0.,0.,1.));
#3474=DIRECTION('',(1.,0.,0.));
#3475=DIRECTION('',(0.,0.,1.));
#3476=DIRECTION('',(1.,0.,0.));
#3477=DIRECTION('',(0.,0.,1.));
#3478=DIRECTION('',(1.,0.,0.));
#3479=DIRECTION('',(0.,0.,1.));
#3480=DIRECTION('',(1.,0.,0.));
#3481=DIRECTION('',(6.93889390390722E-15,1.,0.));
#3482=DIRECTION('',(-1.,0.,0.));
#3483=DIRECTION('',(0.,-1.,0.));
#3484=DIRECTION('',(-1.,0.,0.));
#3485=DIRECTION('',(0.,-1.,0.));
#3486=DIRECTION('',(-1.,0.,0.));
#3487=DIRECTION('',(-6.93889390390724E-15,-1.,0.));
#3488=DIRECTION('',(-1.,0.,0.));
#3489=DIRECTION('',(0.,0.,1.));
#3490=DIRECTION('',(1.,0.,0.));
#3491=DIRECTION('',(2.61845052977631E-16,-1.,0.));
#3492=DIRECTION('',(0.,0.,1.));
#3493=DIRECTION('',(1.,0.,0.));
#3494=DIRECTION('',(-1.,0.,0.));
#3495=DIRECTION('',(0.,0.,1.));
#3496=DIRECTION('',(1.,0.,0.));
#3497=DIRECTION('',(2.61845052977631E-16,-1.,0.));
#3498=DIRECTION('',(0.,0.,1.));
#3499=DIRECTION('',(1.,0.,0.));
#3500=DIRECTION('',(0.,-1.,0.));
#3501=DIRECTION('',(0.,0.,-1.));
#3502=DIRECTION('',(0.,0.,-1.));
#3503=DIRECTION('',(0.,0.,-1.));
#3504=DIRECTION('',(-6.36065274524829E-15,-1.,0.));
#3505=DIRECTION('',(1.,-6.36065274524829E-15,0.));
#3506=DIRECTION('',(0.,0.,1.));
#3507=DIRECTION('',(0.,0.,1.));
#3508=DIRECTION('',(1.,2.61845052977631E-16,0.));
#3509=DIRECTION('',(-2.61845052977631E-16,1.,0.));
#3510=DIRECTION('',(0.,0.,-1.));
#3511=DIRECTION('',(0.,0.,-1.));
#3512=DIRECTION('',(0.,-1.,0.));
#3513=DIRECTION('',(0.,0.,-1.));
#3514=DIRECTION('',(0.,0.,1.));
#3515=DIRECTION('',(0.,0.,-1.));
#3516=DIRECTION('',(1.,2.61845052977631E-16,0.));
#3517=DIRECTION('',(-2.61845052977631E-16,1.,0.));
#3518=DIRECTION('',(0.,0.,-1.));
#3519=DIRECTION('',(0.,0.,-1.));
#3520=DIRECTION('',(0.,-1.,0.));
#3521=DIRECTION('',(0.,0.,-1.));
#3522=DIRECTION('',(0.,0.,-1.));
#3523=DIRECTION('',(0.,0.,-1.));
#3524=DIRECTION('',(0.,0.,-1.));
#3525=DIRECTION('',(-1.,0.,0.));
#3526=DIRECTION('',(0.,0.,-1.));
#3527=DIRECTION('',(-1.,0.,0.));
#3528=DIRECTION('',(0.,0.,-1.));
#3529=DIRECTION('',(-1.,0.,0.));
#3530=DIRECTION('',(0.,0.,-1.));
#3531=DIRECTION('',(-1.,0.,0.));
#3532=DIRECTION('',(0.965925826289068,0.,-0.258819045102521));
#3533=DIRECTION('',(0.,1.,0.));
#3534=DIRECTION('',(0.250562807085731,-0.250562807085731,0.935113126531029));
#3535=DIRECTION('',(-0.250562807085731,-0.250562807085731,-0.935113126531029));
#3536=DIRECTION('',(0.,0.965925826289068,0.258819045102521));
#3537=DIRECTION('',(1.,0.,0.));
#3538=DIRECTION('',(0.250562807085731,0.250562807085731,-0.935113126531029));
#3539=DIRECTION('',(0.,0.965925826289068,-0.258819045102521));
#3540=DIRECTION('',(-1.,0.,0.));
#3541=DIRECTION('',(0.250562807085731,-0.250562807085731,-0.935113126531029));
#3542=DIRECTION('',(0.965925826289068,0.,0.258819045102521));
#3543=DIRECTION('',(0.,-1.,0.));
#3544=DIRECTION('',(0.965925826289068,0.,-0.258819045102521));
#3545=DIRECTION('',(0.,1.,0.));
#3546=DIRECTION('',(0.250562807085731,-0.250562807085731,0.93511312653103));
#3547=DIRECTION('',(-0.250562807085731,-0.250562807085731,-0.93511312653103));
#3548=DIRECTION('',(0.,0.965925826289068,0.258819045102521));
#3549=DIRECTION('',(1.,0.,0.));
#3550=DIRECTION('',(0.250562807085731,0.250562807085731,-0.93511312653103));
#3551=DIRECTION('',(0.,0.965925826289068,-0.258819045102521));
#3552=DIRECTION('',(-1.,0.,0.));
#3553=DIRECTION('',(0.250562807085731,-0.250562807085731,-0.93511312653103));
#3554=DIRECTION('',(0.965925826289068,0.,0.258819045102521));
#3555=DIRECTION('',(0.,-1.,0.));
#3556=DIRECTION('',(0.965925826289068,0.,-0.258819045102521));
#3557=DIRECTION('',(0.,1.,0.));
#3558=DIRECTION('',(0.250562807085731,-0.250562807085731,0.935113126531029));
#3559=DIRECTION('',(-0.250562807085731,-0.250562807085731,-0.935113126531029));
#3560=DIRECTION('',(0.,0.965925826289068,0.258819045102521));
#3561=DIRECTION('',(1.,0.,0.));
#3562=DIRECTION('',(0.250562807085731,0.250562807085731,-0.935113126531029));
#3563=DIRECTION('',(0.,0.965925826289068,-0.258819045102521));
#3564=DIRECTION('',(-1.,0.,0.));
#3565=DIRECTION('',(0.250562807085731,-0.250562807085731,-0.935113126531029));
#3566=DIRECTION('',(0.965925826289068,0.,0.258819045102521));
#3567=DIRECTION('',(0.,-1.,0.));
#3568=DIRECTION('',(0.965925826289068,0.,-0.258819045102521));
#3569=DIRECTION('',(0.,1.,0.));
#3570=DIRECTION('',(0.250562807085732,-0.250562807085731,0.935113126531029));
#3571=DIRECTION('',(-0.250562807085732,-0.250562807085731,-0.935113126531029));
#3572=DIRECTION('',(0.,0.965925826289068,0.258819045102521));
#3573=DIRECTION('',(1.,0.,0.));
#3574=DIRECTION('',(0.250562807085731,0.250562807085731,-0.935113126531029));
#3575=DIRECTION('',(0.,0.965925826289068,-0.258819045102521));
#3576=DIRECTION('',(-1.,0.,0.));
#3577=DIRECTION('',(0.250562807085731,-0.250562807085731,-0.935113126531029));
#3578=DIRECTION('',(0.965925826289068,0.,0.258819045102521));
#3579=DIRECTION('',(0.,-1.,0.));
#3580=DIRECTION('',(0.965925826289068,0.,-0.258819045102521));
#3581=DIRECTION('',(0.,1.,0.));
#3582=DIRECTION('',(0.250562807085731,-0.250562807085731,0.935113126531029));
#3583=DIRECTION('',(-0.250562807085731,-0.250562807085731,-0.935113126531029));
#3584=DIRECTION('',(0.,0.965925826289068,0.258819045102521));
#3585=DIRECTION('',(1.,0.,0.));
#3586=DIRECTION('',(0.250562807085731,0.250562807085731,-0.935113126531029));
#3587=DIRECTION('',(0.,0.965925826289068,-0.258819045102521));
#3588=DIRECTION('',(-1.,0.,0.));
#3589=DIRECTION('',(0.250562807085731,-0.250562807085731,-0.935113126531029));
#3590=DIRECTION('',(0.965925826289068,0.,0.258819045102521));
#3591=DIRECTION('',(0.,-1.,0.));
#3592=DIRECTION('',(0.965925826289068,0.,-0.258819045102521));
#3593=DIRECTION('',(0.,1.,0.));
#3594=DIRECTION('',(0.250562807085731,-0.250562807085731,0.935113126531029));
#3595=DIRECTION('',(-0.250562807085731,-0.250562807085731,-0.935113126531029));
#3596=DIRECTION('',(0.,0.965925826289068,0.258819045102521));
#3597=DIRECTION('',(1.,0.,0.));
#3598=DIRECTION('',(0.250562807085731,0.250562807085731,-0.935113126531029));
#3599=DIRECTION('',(0.,0.965925826289068,-0.258819045102521));
#3600=DIRECTION('',(-1.,0.,0.));
#3601=DIRECTION('',(0.250562807085731,-0.250562807085731,-0.935113126531029));
#3602=DIRECTION('',(0.965925826289068,0.,0.258819045102521));
#3603=DIRECTION('',(0.,-1.,0.));
#3604=DIRECTION('',(0.965925826289068,0.,-0.258819045102521));
#3605=DIRECTION('',(0.,1.,0.));
#3606=DIRECTION('',(0.250562807085732,-0.250562807085731,0.935113126531029));
#3607=DIRECTION('',(-0.250562807085732,-0.250562807085731,-0.935113126531029));
#3608=DIRECTION('',(0.,0.965925826289068,0.258819045102521));
#3609=DIRECTION('',(1.,0.,0.));
#3610=DIRECTION('',(0.250562807085731,0.250562807085731,-0.93511312653103));
#3611=DIRECTION('',(0.,0.965925826289068,-0.258819045102521));
#3612=DIRECTION('',(-1.,0.,0.));
#3613=DIRECTION('',(0.250562807085731,-0.250562807085731,-0.93511312653103));
#3614=DIRECTION('',(0.965925826289068,0.,0.258819045102521));
#3615=DIRECTION('',(0.,-1.,0.));
#3616=DIRECTION('',(0.965925826289068,0.,-0.258819045102521));
#3617=DIRECTION('',(0.,1.,0.));
#3618=DIRECTION('',(0.250562807085731,-0.250562807085731,0.935113126531029));
#3619=DIRECTION('',(-0.250562807085731,-0.250562807085731,-0.935113126531029));
#3620=DIRECTION('',(0.,0.965925826289068,0.258819045102521));
#3621=DIRECTION('',(1.,0.,0.));
#3622=DIRECTION('',(0.250562807085731,0.250562807085731,-0.935113126531029));
#3623=DIRECTION('',(0.,0.965925826289068,-0.258819045102521));
#3624=DIRECTION('',(-1.,0.,0.));
#3625=DIRECTION('',(0.250562807085731,-0.250562807085731,-0.935113126531029));
#3626=DIRECTION('',(0.965925826289068,0.,0.258819045102521));
#3627=DIRECTION('',(0.,-1.,0.));
#3628=DIRECTION('',(0.965925826289068,0.,-0.258819045102521));
#3629=DIRECTION('',(0.,1.,0.));
#3630=DIRECTION('',(0.250562807085731,-0.250562807085731,0.935113126531029));
#3631=DIRECTION('',(-0.250562807085731,-0.250562807085731,-0.935113126531029));
#3632=DIRECTION('',(0.,0.965925826289068,0.258819045102521));
#3633=DIRECTION('',(1.,0.,0.));
#3634=DIRECTION('',(0.250562807085731,0.250562807085731,-0.935113126531029));
#3635=DIRECTION('',(0.,0.965925826289068,-0.258819045102521));
#3636=DIRECTION('',(-1.,0.,0.));
#3637=DIRECTION('',(0.250562807085731,-0.250562807085731,-0.935113126531029));
#3638=DIRECTION('',(0.965925826289068,0.,0.258819045102521));
#3639=DIRECTION('',(0.,-1.,0.));
#3640=DIRECTION('',(0.965925826289068,0.,-0.258819045102521));
#3641=DIRECTION('',(0.,1.,0.));
#3642=DIRECTION('',(0.250562807085731,-0.250562807085731,0.935113126531029));
#3643=DIRECTION('',(-0.250562807085731,-0.250562807085731,-0.935113126531029));
#3644=DIRECTION('',(0.,0.965925826289068,0.258819045102521));
#3645=DIRECTION('',(1.,0.,0.));
#3646=DIRECTION('',(0.250562807085731,0.250562807085731,-0.935113126531029));
#3647=DIRECTION('',(0.,0.965925826289068,-0.258819045102521));
#3648=DIRECTION('',(-1.,0.,0.));
#3649=DIRECTION('',(0.250562807085731,-0.250562807085731,-0.935113126531029));
#3650=DIRECTION('',(0.965925826289068,0.,0.258819045102521));
#3651=DIRECTION('',(0.,-1.,0.));
#3652=DIRECTION('',(0.965925826289068,0.,-0.258819045102521));
#3653=DIRECTION('',(0.,1.,0.));
#3654=DIRECTION('',(0.250562807085731,-0.250562807085732,0.935113126531029));
#3655=DIRECTION('',(-0.250562807085731,-0.250562807085731,-0.935113126531029));
#3656=DIRECTION('',(0.,0.965925826289068,0.258819045102521));
#3657=DIRECTION('',(1.,0.,0.));
#3658=DIRECTION('',(0.250562807085731,0.250562807085732,-0.935113126531029));
#3659=DIRECTION('',(0.,0.965925826289068,-0.258819045102521));
#3660=DIRECTION('',(-1.,0.,0.));
#3661=DIRECTION('',(0.250562807085731,-0.250562807085731,-0.935113126531029));
#3662=DIRECTION('',(0.965925826289068,0.,0.258819045102521));
#3663=DIRECTION('',(0.,-1.,0.));
#3664=DIRECTION('',(0.965925826289068,0.,-0.258819045102521));
#3665=DIRECTION('',(0.,1.,0.));
#3666=DIRECTION('',(0.250562807085731,-0.250562807085731,0.935113126531029));
#3667=DIRECTION('',(-0.250562807085731,-0.250562807085731,-0.935113126531029));
#3668=DIRECTION('',(0.,0.965925826289068,0.258819045102521));
#3669=DIRECTION('',(1.,0.,0.));
#3670=DIRECTION('',(0.250562807085731,0.250562807085731,-0.935113126531029));
#3671=DIRECTION('',(0.,0.965925826289068,-0.258819045102521));
#3672=DIRECTION('',(-1.,0.,0.));
#3673=DIRECTION('',(0.250562807085731,-0.250562807085731,-0.935113126531029));
#3674=DIRECTION('',(0.965925826289068,0.,0.258819045102521));
#3675=DIRECTION('',(0.,-1.,0.));
#3676=DIRECTION('',(0.,-1.,0.));
#3677=DIRECTION('',(0.,0.,-1.));
#3678=DIRECTION('',(0.,0.,1.));
#3679=DIRECTION('',(0.,0.,-1.));
#3680=DIRECTION('',(1.,0.,0.));
#3681=DIRECTION('',(0.,0.,-1.));
#3682=DIRECTION('',(0.,0.,-1.));
#3683=DIRECTION('',(0.,-1.,0.));
#3684=DIRECTION('',(0.,0.,-1.));
#3685=DIRECTION('',(0.,0.,-1.));
#3686=DIRECTION('',(1.,0.,0.));
#3687=DIRECTION('',(0.,0.,-1.));
#3688=DIRECTION('',(0.,0.,-1.));
#3689=DIRECTION('',(-1.,0.,0.));
#3690=DIRECTION('',(0.,0.,1.));
#3691=DIRECTION('',(1.,0.,0.));
#3692=DIRECTION('',(0.,0.,-1.));
#3693=DIRECTION('',(-1.,0.,0.));
#3694=DIRECTION('',(0.,0.,1.));
#3695=DIRECTION('',(1.,0.,0.));
#3696=DIRECTION('',(-5.4780741346636E-16,-1.,0.));
#3697=DIRECTION('',(1.,-5.4780741346636E-16,0.));
#3698=DIRECTION('',(0.,0.,-1.));
#3699=DIRECTION('',(5.4780741346636E-16,1.,0.));
#3700=DIRECTION('',(-1.,5.4780741346636E-16,0.));
#3701=DIRECTION('',(0.,0.,-1.));
#3702=DIRECTION('',(1.,-4.95635278850517E-16,0.));
#3703=DIRECTION('',(4.95635278850517E-16,1.,0.));
#3704=DIRECTION('',(-1.,6.93889390390722E-15,0.));
#3705=DIRECTION('',(-6.93889390390722E-15,-1.,0.));
#3706=DIRECTION('',(1.,-6.93889390390724E-15,0.));
#3707=DIRECTION('',(6.93889390390724E-15,1.,0.));
#3708=DIRECTION('',(1.,0.,0.));
#3709=DIRECTION('',(0.,0.,-1.));
#3710=DIRECTION('',(0.,0.,1.));
#3711=DIRECTION('',(0.,0.,1.));
#3712=DIRECTION('',(0.,1.,0.));
#3713=DIRECTION('',(0.,0.,1.));
#3714=DIRECTION('',(0.,0.,1.));
#3715=DIRECTION('',(-1.,0.,0.));
#3716=DIRECTION('',(0.,0.,1.));
#3717=DIRECTION('',(0.,0.,1.));
#3718=DIRECTION('',(0.,-1.,0.));
#3719=DIRECTION('',(0.,0.,-1.));
#3720=DIRECTION('',(0.,0.,1.));
#3721=DIRECTION('',(1.,0.,0.));
#3722=DIRECTION('',(1.6020249589001E-14,-1.,0.));
#3723=DIRECTION('',(1.,1.6020249589001E-14,0.));
#3724=DIRECTION('',(-1.6020249589001E-14,1.,0.));
#3725=DIRECTION('',(0.,-1.,0.));
#3726=DIRECTION('',(0.,0.,-1.));
#3727=DIRECTION('',(-1.6020249589001E-14,1.,0.));
#3728=DIRECTION('',(0.,-1.,0.));
#3729=DIRECTION('',(0.,0.,-1.));
#3730=DIRECTION('',(1.44182246301009E-14,-1.,0.));
#3731=DIRECTION('',(1.,1.44182246301009E-14,0.));
#3732=DIRECTION('',(1.44182246301009E-14,-1.,0.));
#3733=DIRECTION('',(0.,-1.,0.));
#3734=DIRECTION('',(0.,0.,-1.));
#3735=DIRECTION('',(1.44182246301009E-14,-1.,0.));
#3736=DIRECTION('',(0.,-1.,0.));
#3737=DIRECTION('',(0.,0.,-1.));
#3738=DIRECTION('',(0.,0.,1.));
#3739=DIRECTION('',(1.,0.,0.));
#3740=DIRECTION('',(0.,0.,1.));
#3741=DIRECTION('',(1.,0.,0.));
#3742=DIRECTION('',(0.,0.,1.));
#3743=DIRECTION('',(1.,0.,0.));
#3744=DIRECTION('',(0.,0.,1.));
#3745=DIRECTION('',(1.,0.,0.));
#3746=DIRECTION('',(0.,0.,1.));
#3747=DIRECTION('',(1.,0.,0.));
#3748=DIRECTION('',(-1.,0.,0.));
#3749=DIRECTION('',(-1.6020249589001E-14,1.,0.));
#3750=DIRECTION('',(-1.,0.,0.));
#3751=DIRECTION('',(0.,0.,1.));
#3752=DIRECTION('',(1.,0.,0.));
#3753=DIRECTION('',(2.61845052977631E-16,-1.,0.));
#3754=DIRECTION('',(0.,0.,1.));
#3755=DIRECTION('',(1.,0.,0.));
#3756=DIRECTION('',(-1.,0.,0.));
#3757=DIRECTION('',(0.,0.,1.));
#3758=DIRECTION('',(1.,0.,0.));
#3759=DIRECTION('',(2.61845052977631E-16,-1.,0.));
#3760=DIRECTION('',(0.,0.,1.));
#3761=DIRECTION('',(1.,0.,0.));
#3762=DIRECTION('',(-1.,0.,0.));
#3763=DIRECTION('',(-1.44182246301009E-14,1.,0.));
#3764=DIRECTION('',(-1.,0.,0.));
#3765=DIRECTION('',(0.,1.,0.));
#3766=DIRECTION('',(1.,0.,0.));
#3767=DIRECTION('',(0.,-1.,0.));
#3768=DIRECTION('',(0.,-1.,0.));
#3769=DIRECTION('',(0.,0.,-1.));
#3770=DIRECTION('',(0.,0.,1.));
#3771=DIRECTION('',(0.,0.,-1.));
#3772=DIRECTION('',(-1.,0.,0.));
#3773=DIRECTION('',(0.,0.,-1.));
#3774=DIRECTION('',(-1.,0.,0.));
#3775=DIRECTION('',(0.,0.,-1.));
#3776=DIRECTION('',(-1.,0.,0.));
#3777=DIRECTION('',(0.,0.,-1.));
#3778=DIRECTION('',(0.,0.,1.));
#3779=DIRECTION('',(-1.,0.,0.));
#3780=DIRECTION('',(0.,0.,1.));
#3781=DIRECTION('',(1.,0.,0.));
#3782=DIRECTION('',(-1.,0.,0.));
#3783=DIRECTION('',(0.,1.,0.));
#3784=DIRECTION('',(1.,0.,0.));
#3785=DIRECTION('',(0.,-1.,0.));
#3786=DIRECTION('',(-1.,0.,0.));
#3787=DIRECTION('',(0.,1.,0.));
#3788=DIRECTION('',(1.,0.,0.));
#3789=DIRECTION('',(0.,-1.,0.));
#3790=DIRECTION('',(-1.,0.,0.));
#3791=DIRECTION('',(0.,1.,0.));
#3792=DIRECTION('',(1.,0.,0.));
#3793=DIRECTION('',(0.,-1.,0.));
#3794=DIRECTION('',(-1.,0.,0.));
#3795=DIRECTION('',(0.,1.,0.));
#3796=DIRECTION('',(1.,0.,0.));
#3797=DIRECTION('',(0.,-1.,0.));
#3798=DIRECTION('',(-1.,0.,0.));
#3799=DIRECTION('',(0.,1.,0.));
#3800=DIRECTION('',(1.,0.,0.));
#3801=DIRECTION('',(0.,-1.,0.));
#3802=DIRECTION('',(-1.,0.,0.));
#3803=DIRECTION('',(0.,1.,0.));
#3804=DIRECTION('',(1.,0.,0.));
#3805=DIRECTION('',(0.,-1.,0.));
#3806=DIRECTION('',(0.,-1.,0.));
#3807=DIRECTION('',(1.,0.,0.));
#3808=DIRECTION('',(0.,-1.,0.));
#3809=DIRECTION('',(1.,0.,0.));
#3810=DIRECTION('',(0.,1.,0.));
#3811=DIRECTION('',(1.,0.,0.));
#3812=DIRECTION('',(0.,1.,0.));
#3813=DIRECTION('',(-1.,0.,0.));
#3814=DIRECTION('',(0.,1.,0.));
#3815=DIRECTION('',(-1.,0.,0.));
#3816=DIRECTION('',(0.,-1.,0.));
#3817=DIRECTION('',(0.,0.,1.));
#3818=DIRECTION('',(1.,0.,0.));
#3819=DIRECTION('',(0.,0.,-1.));
#3820=DIRECTION('',(-1.,0.,0.));
#3821=DIRECTION('',(0.,0.,1.));
#3822=DIRECTION('',(1.,0.,0.));
#3823=DIRECTION('',(0.,0.,-1.));
#3824=DIRECTION('',(-1.,0.,0.));
#3825=DIRECTION('',(0.,0.,1.));
#3826=DIRECTION('',(1.,0.,0.));
#3827=DIRECTION('',(0.,0.,-1.));
#3828=DIRECTION('',(-1.,0.,0.));
#3829=DIRECTION('',(0.,0.,1.));
#3830=DIRECTION('',(1.,0.,0.));
#3831=DIRECTION('',(0.,0.,-1.));
#3832=DIRECTION('',(-1.,0.,0.));
#3833=DIRECTION('',(0.,0.,1.));
#3834=DIRECTION('',(1.,0.,0.));
#3835=DIRECTION('',(0.,0.,-1.));
#3836=DIRECTION('',(-1.,0.,0.));
#3837=DIRECTION('',(0.,0.,-1.));
#3838=DIRECTION('',(-1.,0.,0.));
#3839=DIRECTION('',(0.,0.,-1.));
#3840=DIRECTION('',(-1.,0.,0.));
#3841=DIRECTION('',(0.,0.,-1.));
#3842=DIRECTION('',(-1.,0.,0.));
#3843=DIRECTION('',(2.61845052977631E-16,-1.,0.));
#3844=DIRECTION('',(0.,0.,1.));
#3845=DIRECTION('',(1.,0.,0.));
#3846=DIRECTION('',(-1.,0.,0.));
#3847=DIRECTION('',(0.,0.,1.));
#3848=DIRECTION('',(1.,0.,0.));
#3849=DIRECTION('',(2.61845052977631E-16,-1.,0.));
#3850=DIRECTION('',(0.,0.,1.));
#3851=DIRECTION('',(1.,0.,0.));
#3852=DIRECTION('',(-1.,0.,0.));
#3853=DIRECTION('',(0.,0.,1.));
#3854=DIRECTION('',(1.,0.,0.));
#3855=DIRECTION('',(1.,0.,0.));
#3856=DIRECTION('',(0.,0.,-1.));
#3857=DIRECTION('',(0.,0.,-1.));
#3858=DIRECTION('',(0.,-1.,0.));
#3859=DIRECTION('',(0.,0.,-1.));
#3860=DIRECTION('',(0.,-1.,0.));
#3861=DIRECTION('',(0.,0.,-1.));
#3862=DIRECTION('',(-1.,0.,0.));
#3863=DIRECTION('',(0.,0.,1.));
#3864=DIRECTION('',(0.,0.,-1.));
#3865=DIRECTION('',(0.,1.,0.));
#3866=DIRECTION('',(0.,0.,-1.));
#3867=DIRECTION('',(0.,1.,0.));
#3868=DIRECTION('',(0.,0.,-1.));
#3869=DIRECTION('',(0.,1.,0.));
#3870=DIRECTION('',(0.,0.,1.));
#3871=DIRECTION('',(0.,0.,-1.));
#3872=DIRECTION('',(1.,0.,0.));
#3873=DIRECTION('',(1.,0.,0.));
#3874=DIRECTION('',(0.,0.,-1.));
#3875=DIRECTION('',(1.,2.61845052977631E-16,0.));
#3876=DIRECTION('',(-2.61845052977631E-16,1.,0.));
#3877=DIRECTION('',(0.,0.,-1.));
#3878=DIRECTION('',(0.,0.,-1.));
#3879=DIRECTION('',(0.,-1.,0.));
#3880=DIRECTION('',(0.,0.,-1.));
#3881=DIRECTION('',(0.,0.,-1.));
#3882=DIRECTION('',(0.,0.,-1.));
#3883=DIRECTION('',(1.,2.61845052977631E-16,0.));
#3884=DIRECTION('',(-2.61845052977631E-16,1.,0.));
#3885=DIRECTION('',(0.,0.,-1.));
#3886=DIRECTION('',(0.,0.,-1.));
#3887=DIRECTION('',(0.,-1.,0.));
#3888=DIRECTION('',(0.,0.,-1.));
#3889=DIRECTION('',(0.,0.,1.));
#3890=DIRECTION('',(0.,0.,-1.));
#3891=DIRECTION('',(0.,0.,-1.));
#3892=DIRECTION('',(0.,0.,1.));
#3893=DIRECTION('',(-1.,0.,0.));
#3894=DIRECTION('',(0.,0.,-1.));
#3895=DIRECTION('',(1.,0.,0.));
#3896=DIRECTION('',(0.,0.,-1.));
#3897=DIRECTION('',(-1.,0.,0.));
#3898=DIRECTION('',(0.,0.,-1.));
#3899=DIRECTION('',(-1.,0.,0.));
#3900=DIRECTION('',(0.,0.,-1.));
#3901=DIRECTION('',(1.,0.,0.));
#3902=DIRECTION('',(0.,0.,-1.));
#3903=DIRECTION('',(-1.,0.,0.));
#3904=DIRECTION('',(0.,0.,-1.));
#3905=DIRECTION('',(-1.,0.,0.));
#3906=DIRECTION('',(0.,0.,-1.));
#3907=DIRECTION('',(1.,0.,0.));
#3908=DIRECTION('',(0.,0.,-1.));
#3909=DIRECTION('',(-1.,0.,0.));
#3910=DIRECTION('',(0.,0.,-1.));
#3911=DIRECTION('',(-1.,0.,0.));
#3912=DIRECTION('',(0.,0.,-1.));
#3913=DIRECTION('',(1.,0.,0.));
#3914=DIRECTION('',(0.,0.,-1.));
#3915=DIRECTION('',(-1.,0.,0.));
#3916=DIRECTION('',(0.,0.,-1.));
#3917=DIRECTION('',(-1.,0.,0.));
#3918=DIRECTION('',(-1.,0.,0.));
#3919=DIRECTION('',(0.,0.,1.));
#3920=DIRECTION('',(0.,0.,-1.));
#3921=DIRECTION('',(0.,1.,0.));
#3922=DIRECTION('',(0.,0.,-1.));
#3923=DIRECTION('',(0.,-1.,0.));
#3924=DIRECTION('',(0.,0.,-1.));
#3925=DIRECTION('',(0.,0.,-1.));
#3926=DIRECTION('',(-1.,0.,0.));
#3927=DIRECTION('',(1.,0.,0.));
#3928=DIRECTION('',(0.,0.,-1.));
#3929=DIRECTION('',(0.,0.,-1.));
#3930=DIRECTION('',(0.,-1.,0.));
#3931=DIRECTION('',(0.,1.,0.));
#3932=DIRECTION('',(0.,0.,1.));
#3933=DIRECTION('',(1.,0.,0.));
#3934=DIRECTION('',(0.,0.,1.));
#3935=DIRECTION('',(1.,0.,0.));
#3936=DIRECTION('',(-1.,0.,0.));
#3937=DIRECTION('',(0.,0.,1.));
#3938=DIRECTION('',(0.,0.,-1.));
#3939=DIRECTION('',(0.,1.,0.));
#3940=DIRECTION('',(0.,0.,-1.));
#3941=DIRECTION('',(0.,-1.,0.));
#3942=DIRECTION('',(0.,0.,-1.));
#3943=DIRECTION('',(0.,0.,-1.));
#3944=DIRECTION('',(-1.,0.,0.));
#3945=DIRECTION('',(1.,0.,0.));
#3946=DIRECTION('',(0.,0.,-1.));
#3947=DIRECTION('',(0.,0.,-1.));
#3948=DIRECTION('',(0.,-1.,0.));
#3949=DIRECTION('',(0.,1.,0.));
#3950=DIRECTION('',(0.,0.,1.));
#3951=DIRECTION('',(1.,0.,0.));
#3952=DIRECTION('',(0.,0.,1.));
#3953=DIRECTION('',(1.,0.,0.));
#3954=DIRECTION('',(-1.,0.,0.));
#3955=DIRECTION('',(0.,0.,1.));
#3956=DIRECTION('',(0.,0.,-1.));
#3957=DIRECTION('',(0.,1.,0.));
#3958=DIRECTION('',(0.,0.,-1.));
#3959=DIRECTION('',(0.,-1.,0.));
#3960=DIRECTION('',(0.,0.,-1.));
#3961=DIRECTION('',(0.,0.,-1.));
#3962=DIRECTION('',(-1.,0.,0.));
#3963=DIRECTION('',(1.,0.,0.));
#3964=DIRECTION('',(0.,0.,-1.));
#3965=DIRECTION('',(0.,0.,-1.));
#3966=DIRECTION('',(0.,-1.,0.));
#3967=DIRECTION('',(0.,1.,0.));
#3968=DIRECTION('',(0.,0.,1.));
#3969=DIRECTION('',(1.,0.,0.));
#3970=DIRECTION('',(0.,0.,1.));
#3971=DIRECTION('',(1.,0.,0.));
#3972=DIRECTION('',(-1.,0.,0.));
#3973=DIRECTION('',(0.,0.,1.));
#3974=DIRECTION('',(0.,0.,-1.));
#3975=DIRECTION('',(0.,1.,0.));
#3976=DIRECTION('',(0.,0.,-1.));
#3977=DIRECTION('',(0.,-1.,0.));
#3978=DIRECTION('',(0.,0.,-1.));
#3979=DIRECTION('',(0.,0.,-1.));
#3980=DIRECTION('',(-1.,0.,0.));
#3981=DIRECTION('',(1.,0.,0.));
#3982=DIRECTION('',(0.,0.,-1.));
#3983=DIRECTION('',(0.,0.,-1.));
#3984=DIRECTION('',(0.,-1.,0.));
#3985=DIRECTION('',(0.,1.,0.));
#3986=DIRECTION('',(0.,0.,1.));
#3987=DIRECTION('',(1.,0.,0.));
#3988=DIRECTION('',(0.,0.,1.));
#3989=DIRECTION('',(1.,0.,0.));
#3990=DIRECTION('',(-1.,0.,0.));
#3991=DIRECTION('',(0.,0.,1.));
#3992=DIRECTION('',(0.,0.,-1.));
#3993=DIRECTION('',(0.,1.,0.));
#3994=DIRECTION('',(0.,0.,-1.));
#3995=DIRECTION('',(0.,-1.,0.));
#3996=DIRECTION('',(0.,0.,-1.));
#3997=DIRECTION('',(0.,0.,-1.));
#3998=DIRECTION('',(-1.,0.,0.));
#3999=DIRECTION('',(1.,0.,0.));
#4000=DIRECTION('',(0.,0.,-1.));
#4001=DIRECTION('',(0.,0.,-1.));
#4002=DIRECTION('',(0.,-1.,0.));
#4003=DIRECTION('',(0.,1.,0.));
#4004=DIRECTION('',(0.,0.,1.));
#4005=DIRECTION('',(1.,0.,0.));
#4006=DIRECTION('',(0.,0.,1.));
#4007=DIRECTION('',(1.,0.,0.));
#4008=DIRECTION('',(-1.,0.,0.));
#4009=DIRECTION('',(0.,0.,1.));
#4010=DIRECTION('',(0.,0.,-1.));
#4011=DIRECTION('',(0.,1.,0.));
#4012=DIRECTION('',(0.,0.,-1.));
#4013=DIRECTION('',(0.,-1.,0.));
#4014=DIRECTION('',(0.,0.,-1.));
#4015=DIRECTION('',(0.,0.,-1.));
#4016=DIRECTION('',(-1.,0.,0.));
#4017=DIRECTION('',(1.,0.,0.));
#4018=DIRECTION('',(0.,0.,-1.));
#4019=DIRECTION('',(0.,0.,-1.));
#4020=DIRECTION('',(0.,-1.,0.));
#4021=DIRECTION('',(0.,1.,0.));
#4022=DIRECTION('',(0.,0.,1.));
#4023=DIRECTION('',(1.,0.,0.));
#4024=DIRECTION('',(0.,0.,1.));
#4025=DIRECTION('',(1.,0.,0.));
#4026=DIRECTION('',(0.,-1.,0.));
#4027=DIRECTION('',(0.,0.,-1.));
#4028=DIRECTION('',(-1.,0.,0.));
#4029=DIRECTION('',(0.,0.,-1.));
#4030=DIRECTION('',(1.,0.,0.));
#4031=DIRECTION('',(0.,0.,-1.));
#4032=DIRECTION('',(0.,-1.,0.));
#4033=DIRECTION('',(0.,0.,1.));
#4034=DIRECTION('',(1.,0.,0.));
#4035=DIRECTION('',(0.,-1.,0.));
#4036=DIRECTION('',(0.,0.,-1.));
#4037=DIRECTION('',(0.,0.,-1.));
#4038=DIRECTION('',(-1.,0.,0.));
#4039=DIRECTION('',(-1.,0.,0.));
#4040=DIRECTION('',(0.,0.,1.));
#4041=DIRECTION('',(0.,1.,0.));
#4042=DIRECTION('',(0.,0.,1.));
#4043=DIRECTION('',(1.,0.,0.));
#4044=DIRECTION('',(0.,1.,0.));
#4045=DIRECTION('',(0.,0.,1.));
#4046=DIRECTION('',(1.,0.,0.));
#4047=DIRECTION('',(0.,0.,-1.));
#4048=DIRECTION('',(-1.,0.,0.));
#4049=DIRECTION('',(0.,0.,1.));
#4050=DIRECTION('',(0.,1.,0.));
#4051=DIRECTION('',(0.,0.,1.));
#4052=DIRECTION('',(1.,0.,0.));
#4053=DIRECTION('',(0.,1.,0.));
#4054=DIRECTION('',(0.,0.,1.));
#4055=DIRECTION('',(0.,0.,-1.));
#4056=DIRECTION('',(1.,0.,0.));
#4057=DIRECTION('',(1.,0.,0.));
#4058=DIRECTION('',(0.,0.,-1.));
#4059=DIRECTION('',(0.,-1.,0.));
#4060=DIRECTION('',(0.,0.,1.));
#4061=DIRECTION('',(1.,0.,0.));
#4062=DIRECTION('',(0.,0.,-1.));
#4063=DIRECTION('',(-1.,0.,0.));
#4064=DIRECTION('',(0.,0.,1.));
#4065=DIRECTION('',(1.,0.,0.));
#4066=DIRECTION('',(0.,0.,-1.));
#4067=DIRECTION('',(-1.,0.,0.));
#4068=DIRECTION('',(0.,0.,1.));
#4069=DIRECTION('',(1.,0.,0.));
#4070=DIRECTION('',(1.,1.6020249589001E-14,0.));
#4071=DIRECTION('',(-1.6020249589001E-14,1.,0.));
#4072=DIRECTION('',(1.,1.44182246301009E-14,0.));
#4073=DIRECTION('',(-1.44182246301009E-14,1.,0.));
#4074=DIRECTION('',(0.,0.,1.));
#4075=DIRECTION('',(1.,0.,0.));
#4076=CARTESIAN_POINT('',(0.,0.,0.));
#4077=CARTESIAN_POINT('',(0.,0.,0.014));
#4078=CARTESIAN_POINT('',(-2.94295906067277E-05,0.044337346068976,0.014));
#4079=CARTESIAN_POINT('',(-0.03640411,0.044337346068976,0.014));
#4080=CARTESIAN_POINT('',(-0.0432044295906067,0.044337346068976,0.014));
#4081=CARTESIAN_POINT('',(-0.03640411,2.52604256956169E-16,0.014));
#4082=CARTESIAN_POINT('',(-0.03640411,0.0235335960689761,0.014));
#4083=CARTESIAN_POINT('',(1.49689032441696E-16,0.023533596068976,0.014));
#4084=CARTESIAN_POINT('',(-0.01640411,0.023533596068976,0.014));
#4085=CARTESIAN_POINT('',(-0.01640411,8.60708032623962E-17,0.014));
#4086=CARTESIAN_POINT('',(-0.01640411,0.044337346068976,0.014));
#4087=CARTESIAN_POINT('',(-2.94295906067277E-05,0.044337346068976,0.014));
#4088=CARTESIAN_POINT('',(0.0431455704093932,0.044337346068976,0.014));
#4089=CARTESIAN_POINT('',(0.0431455704093932,-0.000337653931023974,0.014));
#4090=CARTESIAN_POINT('',(0.0431455704093932,-0.045012653931024,0.014));
#4091=CARTESIAN_POINT('',(-2.94295906067277E-05,-0.045012653931024,0.014));
#4092=CARTESIAN_POINT('',(-0.0432044295906067,-0.045012653931024,0.014));
#4093=CARTESIAN_POINT('',(-0.0432044295906067,-0.000337653931023974,0.014));
#4094=CARTESIAN_POINT('',(-0.0179895092139875,0.000829718231634546,0.014));
#4095=CARTESIAN_POINT('',(-0.0347895092139874,0.000829718231634546,0.014));
#4096=CARTESIAN_POINT('',(-0.0167895092139875,0.000829718231634546,0.014));
#4097=CARTESIAN_POINT('',(-0.0167895092139875,0.,0.014));
#4098=CARTESIAN_POINT('',(-0.0167895092139875,0.0188297182316346,0.014));
#4099=CARTESIAN_POINT('',(0.,0.0188297182316346,0.014));
#4100=CARTESIAN_POINT('',(-0.0347895092139874,0.0188297182316346,0.014));
#4101=CARTESIAN_POINT('',(-0.0347895092139874,0.00202971823163455,0.014));
#4102=CARTESIAN_POINT('',(0.00106049078601258,0.000829718231634545,0.014));
#4103=CARTESIAN_POINT('',(-0.0157395092139874,0.000829718231634545,0.014));
#4104=CARTESIAN_POINT('',(0.00226049078601258,0.000829718231634545,0.014));
#4105=CARTESIAN_POINT('',(0.00226049078601258,0.,0.014));
#4106=CARTESIAN_POINT('',(0.00226049078601258,0.0188297182316346,0.014));
#4107=CARTESIAN_POINT('',(0.,0.0188297182316346,0.014));
#4108=CARTESIAN_POINT('',(-0.0157395092139874,0.0188297182316346,0.014));
#4109=CARTESIAN_POINT('',(-0.0157395092139874,0.00202971823163455,0.014));
#4110=CARTESIAN_POINT('',(0.0201104907860126,0.000829718231634546,0.014));
#4111=CARTESIAN_POINT('',(0.00331049078601257,0.000829718231634546,0.014));
#4112=CARTESIAN_POINT('',(0.0213104907860126,0.000829718231634546,0.014));
#4113=CARTESIAN_POINT('',(0.0213104907860126,0.,0.014));
#4114=CARTESIAN_POINT('',(0.0213104907860126,0.0188297182316346,0.014));
#4115=CARTESIAN_POINT('',(0.,0.0188297182316346,0.014));
#4116=CARTESIAN_POINT('',(0.00331049078601257,0.0188297182316346,0.014));
#4117=CARTESIAN_POINT('',(0.00331049078601257,0.00202971823163455,0.014));
#4118=CARTESIAN_POINT('',(-0.0179895092139875,-0.0182202817683654,0.014));
#4119=CARTESIAN_POINT('',(-0.0347895092139874,-0.0182202817683654,0.014));
#4120=CARTESIAN_POINT('',(-0.0167895092139875,-0.0182202817683654,0.014));
#4121=CARTESIAN_POINT('',(-0.0167895092139875,0.,0.014));
#4122=CARTESIAN_POINT('',(-0.0167895092139875,-0.000220281768365452,0.014));
#4123=CARTESIAN_POINT('',(0.,-0.000220281768365452,0.014));
#4124=CARTESIAN_POINT('',(-0.0347895092139874,-0.000220281768365452,0.014));
#4125=CARTESIAN_POINT('',(-0.0347895092139874,-0.0170202817683654,0.014));
#4126=CARTESIAN_POINT('',(-0.0179895092139875,-0.0372702817683654,0.014));
#4127=CARTESIAN_POINT('',(-0.0347895092139874,-0.0372702817683654,0.014));
#4128=CARTESIAN_POINT('',(-0.0167895092139875,-0.0372702817683654,0.014));
#4129=CARTESIAN_POINT('',(-0.0167895092139875,0.,0.014));
#4130=CARTESIAN_POINT('',(-0.0167895092139875,-0.0192702817683655,0.014));
#4131=CARTESIAN_POINT('',(0.,-0.0192702817683655,0.014));
#4132=CARTESIAN_POINT('',(-0.0347895092139874,-0.0192702817683655,0.014));
#4133=CARTESIAN_POINT('',(-0.0347895092139874,-0.0360702817683655,0.014));
#4134=CARTESIAN_POINT('',(0.00106049078601258,-0.0372702817683654,0.014));
#4135=CARTESIAN_POINT('',(-0.0157395092139874,-0.0372702817683654,0.014));
#4136=CARTESIAN_POINT('',(0.00226049078601258,-0.0372702817683654,0.014));
#4137=CARTESIAN_POINT('',(0.00226049078601258,0.,0.014));
#4138=CARTESIAN_POINT('',(0.00226049078601258,-0.0192702817683655,0.014));
#4139=CARTESIAN_POINT('',(0.,-0.0192702817683655,0.014));
#4140=CARTESIAN_POINT('',(-0.0157395092139874,-0.0192702817683655,0.014));
#4141=CARTESIAN_POINT('',(-0.0157395092139874,-0.0360702817683655,0.014));
#4142=CARTESIAN_POINT('',(0.0201104907860126,-0.0372702817683654,0.014));
#4143=CARTESIAN_POINT('',(0.00331049078601257,-0.0372702817683654,0.014));
#4144=CARTESIAN_POINT('',(0.0213104907860126,-0.0372702817683654,0.014));
#4145=CARTESIAN_POINT('',(0.0213104907860126,0.,0.014));
#4146=CARTESIAN_POINT('',(0.0213104907860126,-0.0192702817683655,0.014));
#4147=CARTESIAN_POINT('',(0.,-0.0192702817683655,0.014));
#4148=CARTESIAN_POINT('',(0.00331049078601257,-0.0192702817683655,0.014));
#4149=CARTESIAN_POINT('',(0.00331049078601257,-0.0360702817683655,0.014));
#4150=CARTESIAN_POINT('',(0.0391604907860126,-0.0372702817683654,0.014));
#4151=CARTESIAN_POINT('',(0.0223604907860126,-0.0372702817683654,0.014));
#4152=CARTESIAN_POINT('',(0.0403604907860126,-0.0372702817683654,0.014));
#4153=CARTESIAN_POINT('',(0.0403604907860126,0.,0.014));
#4154=CARTESIAN_POINT('',(0.0403604907860126,-0.0192702817683655,0.014));
#4155=CARTESIAN_POINT('',(0.,-0.0192702817683655,0.014));
#4156=CARTESIAN_POINT('',(0.0223604907860126,-0.0192702817683655,0.014));
#4157=CARTESIAN_POINT('',(0.0223604907860126,-0.0360702817683655,0.014));
#4158=CARTESIAN_POINT('',(0.00106049078601258,-0.0182202817683654,0.014));
#4159=CARTESIAN_POINT('',(-0.0157395092139874,-0.0182202817683654,0.014));
#4160=CARTESIAN_POINT('',(0.00226049078601258,-0.0182202817683654,0.014));
#4161=CARTESIAN_POINT('',(0.00226049078601258,0.,0.014));
#4162=CARTESIAN_POINT('',(0.00226049078601258,-0.000220281768365452,0.014));
#4163=CARTESIAN_POINT('',(0.,-0.000220281768365452,0.014));
#4164=CARTESIAN_POINT('',(-0.0157395092139874,-0.000220281768365452,0.014));
#4165=CARTESIAN_POINT('',(-0.0157395092139874,-0.0170202817683654,0.014));
#4166=CARTESIAN_POINT('',(0.0201104907860126,-0.0182202817683654,0.014));
#4167=CARTESIAN_POINT('',(0.00331049078601257,-0.0182202817683654,0.014));
#4168=CARTESIAN_POINT('',(0.0213104907860126,-0.0182202817683654,0.014));
#4169=CARTESIAN_POINT('',(0.0213104907860126,0.,0.014));
#4170=CARTESIAN_POINT('',(0.0213104907860126,-0.000220281768365452,0.014));
#4171=CARTESIAN_POINT('',(0.,-0.000220281768365452,0.014));
#4172=CARTESIAN_POINT('',(0.00331049078601257,-0.000220281768365452,0.014));
#4173=CARTESIAN_POINT('',(0.00331049078601257,-0.0170202817683654,0.014));
#4174=CARTESIAN_POINT('',(0.0391604907860126,-0.0182202817683654,0.014));
#4175=CARTESIAN_POINT('',(0.0223604907860126,-0.0182202817683654,0.014));
#4176=CARTESIAN_POINT('',(0.0403604907860126,-0.0182202817683654,0.014));
#4177=CARTESIAN_POINT('',(0.0403604907860126,0.,0.014));
#4178=CARTESIAN_POINT('',(0.0403604907860126,-0.000220281768365452,0.014));
#4179=CARTESIAN_POINT('',(0.,-0.000220281768365452,0.014));
#4180=CARTESIAN_POINT('',(0.0223604907860126,-0.000220281768365452,0.014));
#4181=CARTESIAN_POINT('',(0.0223604907860126,-0.0170202817683654,0.014));
#4182=CARTESIAN_POINT('',(0.0391604907860126,0.000829718231634546,0.014));
#4183=CARTESIAN_POINT('',(0.0223604907860126,0.000829718231634546,0.014));
#4184=CARTESIAN_POINT('',(0.0403604907860126,0.000829718231634546,0.014));
#4185=CARTESIAN_POINT('',(0.0403604907860126,0.,0.014));
#4186=CARTESIAN_POINT('',(0.0403604907860126,0.0188297182316346,0.014));
#4187=CARTESIAN_POINT('',(0.,0.0188297182316346,0.014));
#4188=CARTESIAN_POINT('',(0.0223604907860126,0.0188297182316346,0.014));
#4189=CARTESIAN_POINT('',(0.0223604907860126,0.00202971823163455,0.014));
#4190=CARTESIAN_POINT('',(0.0291455704093933,0.032783346068976,0.014));
#4191=CARTESIAN_POINT('',(0.0291455704093933,0.022283346068976,0.014));
#4192=CARTESIAN_POINT('',(0.0291455704093933,0.0273835960689761,0.014));
#4193=CARTESIAN_POINT('',(0.,0.0273835960689761,0.014));
#4194=CARTESIAN_POINT('',(0.0303905703985133,0.0273835960689761,0.014));
#4195=CARTESIAN_POINT('',(0.0303905703985133,0.,0.014));
#4196=CARTESIAN_POINT('',(0.0303905703985133,0.040183596068976,0.014));
#4197=CARTESIAN_POINT('',(0.,0.040183596068976,0.014));
#4198=CARTESIAN_POINT('',(0.0291455704093933,0.040183596068976,0.014));
#4199=CARTESIAN_POINT('',(0.0291455704093933,0.032783346068976,0.014));
#4200=CARTESIAN_POINT('',(0.0291455704093933,0.043283346068976,0.014));
#4201=CARTESIAN_POINT('',(0.0101455704093933,0.043283346068976,0.014));
#4202=CARTESIAN_POINT('',(-0.00885442959060673,0.043283346068976,0.014));
#4203=CARTESIAN_POINT('',(-0.00885442959060674,0.032783346068976,0.014));
#4204=CARTESIAN_POINT('',(-0.00885442959060675,0.022283346068976,0.014));
#4205=CARTESIAN_POINT('',(0.0101455704093933,0.022283346068976,0.014));
#4206=CARTESIAN_POINT('',(0.,0.,0.016));
#4207=CARTESIAN_POINT('',(-0.0463042697953034,0.047668673034488,0.016));
#4208=CARTESIAN_POINT('',(-0.0446042697953034,0.047668673034488,0.016));
#4209=CARTESIAN_POINT('',(0.0462748402046966,0.047668673034488,0.016));
#4210=CARTESIAN_POINT('',(0.0479748402046966,0.047668673034488,0.016));
#4211=CARTESIAN_POINT('',(0.0462748402046967,-0.048006326965512,0.016));
#4212=CARTESIAN_POINT('',(0.0479748402046967,-0.048006326965512,0.016));
#4213=CARTESIAN_POINT('',(-0.0463042697953034,-0.048006326965512,0.016));
#4214=CARTESIAN_POINT('',(-0.0446042697953034,-0.048006326965512,0.016));
#4215=CARTESIAN_POINT('',(-0.0331895092139875,0.0182938198467723,0.016));
#4216=CARTESIAN_POINT('',(-0.0173254075988497,0.0182938198467723,0.016));
#4217=CARTESIAN_POINT('',(-0.0342536108291252,0.0182938198467723,0.016));
#4218=CARTESIAN_POINT('',(-0.0173254075988497,0.00242971823163454,0.016));
#4219=CARTESIAN_POINT('',(-0.0173254075988497,0.00136561661649679,0.016));
#4220=CARTESIAN_POINT('',(0.,0.00136561661649679,0.016));
#4221=CARTESIAN_POINT('',(-0.0342536108291252,0.00136561661649679,0.016));
#4222=CARTESIAN_POINT('',(-0.0342536108291252,0.,0.016));
#4223=CARTESIAN_POINT('',(-0.0141395092139874,0.0182938198467723,0.016));
#4224=CARTESIAN_POINT('',(0.00172459240115034,0.0182938198467723,0.016));
#4225=CARTESIAN_POINT('',(-0.0152036108291251,0.0182938198467723,0.016));
#4226=CARTESIAN_POINT('',(0.00172459240115034,0.00242971823163454,0.016));
#4227=CARTESIAN_POINT('',(0.00172459240115034,0.00136561661649679,0.016));
#4228=CARTESIAN_POINT('',(0.,0.00136561661649679,0.016));
#4229=CARTESIAN_POINT('',(-0.0152036108291251,0.00136561661649679,0.016));
#4230=CARTESIAN_POINT('',(-0.0152036108291251,0.,0.016));
#4231=CARTESIAN_POINT('',(0.00491049078601257,0.0182938198467723,0.016));
#4232=CARTESIAN_POINT('',(0.0207745924011503,0.0182938198467723,0.016));
#4233=CARTESIAN_POINT('',(0.00384638917087481,0.0182938198467723,0.016));
#4234=CARTESIAN_POINT('',(0.0207745924011503,0.00242971823163454,0.016));
#4235=CARTESIAN_POINT('',(0.0207745924011503,0.00136561661649679,0.016));
#4236=CARTESIAN_POINT('',(0.,0.00136561661649679,0.016));
#4237=CARTESIAN_POINT('',(0.00384638917087482,0.00136561661649679,0.016));
#4238=CARTESIAN_POINT('',(0.00384638917087482,0.,0.016));
#4239=CARTESIAN_POINT('',(-0.0331895092139875,-0.000756180153227697,0.016));
#4240=CARTESIAN_POINT('',(-0.0173254075988497,-0.000756180153227697,0.016));
#4241=CARTESIAN_POINT('',(-0.0342536108291252,-0.000756180153227697,0.016));
#4242=CARTESIAN_POINT('',(-0.0173254075988497,-0.0166202817683655,0.016));
#4243=CARTESIAN_POINT('',(-0.0173254075988497,-0.0176843833835032,0.016));
#4244=CARTESIAN_POINT('',(0.,-0.0176843833835032,0.016));
#4245=CARTESIAN_POINT('',(-0.0342536108291252,-0.0176843833835032,0.016));
#4246=CARTESIAN_POINT('',(-0.0342536108291252,0.,0.016));
#4247=CARTESIAN_POINT('',(-0.0331895092139875,-0.0198061801532277,0.016));
#4248=CARTESIAN_POINT('',(-0.0173254075988497,-0.0198061801532277,0.016));
#4249=CARTESIAN_POINT('',(-0.0342536108291252,-0.0198061801532277,0.016));
#4250=CARTESIAN_POINT('',(-0.0173254075988497,-0.0356702817683655,0.016));
#4251=CARTESIAN_POINT('',(-0.0173254075988497,-0.0367343833835032,0.016));
#4252=CARTESIAN_POINT('',(0.,-0.0367343833835032,0.016));
#4253=CARTESIAN_POINT('',(-0.0342536108291252,-0.0367343833835032,0.016));
#4254=CARTESIAN_POINT('',(-0.0342536108291252,0.,0.016));
#4255=CARTESIAN_POINT('',(-0.0141395092139874,-0.0198061801532277,0.016));
#4256=CARTESIAN_POINT('',(0.00172459240115034,-0.0198061801532277,0.016));
#4257=CARTESIAN_POINT('',(-0.0152036108291251,-0.0198061801532277,0.016));
#4258=CARTESIAN_POINT('',(0.00172459240115034,-0.0356702817683655,0.016));
#4259=CARTESIAN_POINT('',(0.00172459240115034,-0.0367343833835032,0.016));
#4260=CARTESIAN_POINT('',(0.,-0.0367343833835032,0.016));
#4261=CARTESIAN_POINT('',(-0.0152036108291251,-0.0367343833835032,0.016));
#4262=CARTESIAN_POINT('',(-0.0152036108291251,0.,0.016));
#4263=CARTESIAN_POINT('',(0.00491049078601257,-0.0198061801532277,0.016));
#4264=CARTESIAN_POINT('',(0.0207745924011503,-0.0198061801532277,0.016));
#4265=CARTESIAN_POINT('',(0.00384638917087482,-0.0198061801532277,0.016));
#4266=CARTESIAN_POINT('',(0.0207745924011503,-0.0356702817683655,0.016));
#4267=CARTESIAN_POINT('',(0.0207745924011503,-0.0367343833835032,0.016));
#4268=CARTESIAN_POINT('',(0.,-0.0367343833835032,0.016));
#4269=CARTESIAN_POINT('',(0.00384638917087482,-0.0367343833835032,0.016));
#4270=CARTESIAN_POINT('',(0.00384638917087482,0.,0.016));
#4271=CARTESIAN_POINT('',(0.0239604907860126,-0.0198061801532277,0.016));
#4272=CARTESIAN_POINT('',(0.0398245924011503,-0.0198061801532277,0.016));
#4273=CARTESIAN_POINT('',(0.0228963891708749,-0.0198061801532277,0.016));
#4274=CARTESIAN_POINT('',(0.0398245924011503,-0.0356702817683655,0.016));
#4275=CARTESIAN_POINT('',(0.0398245924011503,-0.0367343833835032,0.016));
#4276=CARTESIAN_POINT('',(0.,-0.0367343833835032,0.016));
#4277=CARTESIAN_POINT('',(0.0228963891708749,-0.0367343833835032,0.016));
#4278=CARTESIAN_POINT('',(0.0228963891708749,0.,0.016));
#4279=CARTESIAN_POINT('',(-0.00673950921398742,-0.000756180153227697,0.016));
#4280=CARTESIAN_POINT('',(0.00172459240115034,-0.000756180153227697,0.016));
#4281=CARTESIAN_POINT('',(-0.0152036108291251,-0.000756180153227697,0.016));
#4282=CARTESIAN_POINT('',(0.00172459240115034,-0.00922028176836545,0.016));
#4283=CARTESIAN_POINT('',(0.00172459240115034,-0.0176843833835032,0.016));
#4284=CARTESIAN_POINT('',(0.,-0.0176843833835032,0.016));
#4285=CARTESIAN_POINT('',(-0.0152036108291251,-0.0176843833835032,0.016));
#4286=CARTESIAN_POINT('',(-0.0152036108291251,0.,0.016));
#4287=CARTESIAN_POINT('',(0.00491049078601257,-0.000756180153227697,0.016));
#4288=CARTESIAN_POINT('',(0.0207745924011503,-0.000756180153227697,0.016));
#4289=CARTESIAN_POINT('',(0.00384638917087482,-0.000756180153227697,0.016));
#4290=CARTESIAN_POINT('',(0.0207745924011503,-0.0166202817683655,0.016));
#4291=CARTESIAN_POINT('',(0.0207745924011503,-0.0176843833835032,0.016));
#4292=CARTESIAN_POINT('',(0.,-0.0176843833835032,0.016));
#4293=CARTESIAN_POINT('',(0.00384638917087482,-0.0176843833835032,0.016));
#4294=CARTESIAN_POINT('',(0.00384638917087482,0.,0.016));
#4295=CARTESIAN_POINT('',(0.0239604907860126,-0.000756180153227696,0.016));
#4296=CARTESIAN_POINT('',(0.0398245924011503,-0.000756180153227697,0.016));
#4297=CARTESIAN_POINT('',(0.0228963891708749,-0.000756180153227696,0.016));
#4298=CARTESIAN_POINT('',(0.0398245924011503,-0.0166202817683655,0.016));
#4299=CARTESIAN_POINT('',(0.0398245924011503,-0.0176843833835032,0.016));
#4300=CARTESIAN_POINT('',(0.,-0.0176843833835032,0.016));
#4301=CARTESIAN_POINT('',(0.0228963891708749,-0.0176843833835032,0.016));
#4302=CARTESIAN_POINT('',(0.0228963891708749,0.,0.016));
#4303=CARTESIAN_POINT('',(0.0313604907860126,0.0182938198467723,0.016));
#4304=CARTESIAN_POINT('',(0.0398245924011503,0.0182938198467723,0.016));
#4305=CARTESIAN_POINT('',(0.0228963891708749,0.0182938198467723,0.016));
#4306=CARTESIAN_POINT('',(0.0398245924011503,0.00982971823163455,0.016));
#4307=CARTESIAN_POINT('',(0.0398245924011503,0.00136561661649679,0.016));
#4308=CARTESIAN_POINT('',(0.,0.00136561661649679,0.016));
#4309=CARTESIAN_POINT('',(0.0228963891708749,0.00136561661649679,0.016));
#4310=CARTESIAN_POINT('',(0.0228963891708749,0.,0.016));
#4311=CARTESIAN_POINT('',(-0.03640411,0.0245335960689761,0.016));
#4312=CARTESIAN_POINT('',(-0.03640411,0.053,0.016));
#4313=CARTESIAN_POINT('',(-0.03640411,0.0235335960689761,0.016));
#4314=CARTESIAN_POINT('',(-1.38777878078145E-17,0.053,0.016));
#4315=CARTESIAN_POINT('',(-0.04540411,0.053,0.016));
#4316=CARTESIAN_POINT('',(-0.04540411,0.047,0.016));
#4317=CARTESIAN_POINT('',(-0.05140411,0.047,0.016));
#4318=CARTESIAN_POINT('',(-0.05140411,0.,0.016));
#4319=CARTESIAN_POINT('',(-0.05140411,-0.047,0.016));
#4320=CARTESIAN_POINT('',(-0.04540411,-0.047,0.016));
#4321=CARTESIAN_POINT('',(-0.04540411,-0.053,0.016));
#4322=CARTESIAN_POINT('',(1.38777878078145E-17,-0.053,0.016));
#4323=CARTESIAN_POINT('',(0.04540411,-0.053,0.016));
#4324=CARTESIAN_POINT('',(0.04540411,-0.047,0.016));
#4325=CARTESIAN_POINT('',(0.05140411,-0.047,0.016));
#4326=CARTESIAN_POINT('',(0.05140411,0.,0.016));
#4327=CARTESIAN_POINT('',(0.05140411,0.047,0.016));
#4328=CARTESIAN_POINT('',(0.04540411,0.047,0.016));
#4329=CARTESIAN_POINT('',(0.04540411,0.053,0.016));
#4330=CARTESIAN_POINT('',(-1.38777878078145E-17,0.053,0.016));
#4331=CARTESIAN_POINT('',(-0.01640411,0.053,0.016));
#4332=CARTESIAN_POINT('',(-0.01640411,0.024533596068976,0.016));
#4333=CARTESIAN_POINT('',(-0.01640411,0.023533596068976,0.016));
#4334=CARTESIAN_POINT('',(-0.02440411,0.0235335960689761,0.016));
#4335=CARTESIAN_POINT('',(0.0109905703985133,0.0273835960689761,0.016));
#4336=CARTESIAN_POINT('',(0.0303905703985133,0.0273835960689761,0.016));
#4337=CARTESIAN_POINT('',(-0.00840942960148672,0.0273835960689761,0.016));
#4338=CARTESIAN_POINT('',(-0.00840942960148672,0.033783596068976,0.016));
#4339=CARTESIAN_POINT('',(-0.00840942960148672,0.040183596068976,0.016));
#4340=CARTESIAN_POINT('',(0.0109905703985133,0.040183596068976,0.016));
#4341=CARTESIAN_POINT('',(0.0303905703985133,0.040183596068976,0.016));
#4342=CARTESIAN_POINT('',(0.0303905703985133,0.033783596068976,0.016));
#4343=CARTESIAN_POINT('',(0.0291455704093933,0.032783346068976,0.015));
#4344=CARTESIAN_POINT('',(0.0291455704093933,0.032783346068976,0.015));
#4345=CARTESIAN_POINT('',(0.0291455704093933,0.022283346068976,0.015));
#4346=CARTESIAN_POINT('',(0.0291455704093933,0.0273835960689761,0.015));
#4347=CARTESIAN_POINT('',(0.0291455704093933,0.0273835960689761,0.015));
#4348=CARTESIAN_POINT('',(0.0291455704093933,0.022283346068976,0.015));
#4349=CARTESIAN_POINT('',(0.0291455704093933,0.032783346068976,0.015));
#4350=CARTESIAN_POINT('',(0.0291455704093933,0.040183596068976,0.015));
#4351=CARTESIAN_POINT('',(0.0291455704093933,0.040183596068976,0.015));
#4352=CARTESIAN_POINT('',(0.0291455704093933,0.032783346068976,0.015));
#4353=CARTESIAN_POINT('',(0.0291455704093933,0.043283346068976,0.015));
#4354=CARTESIAN_POINT('',(0.0291455704093933,0.043283346068976,0.015));
#4355=CARTESIAN_POINT('',(-2.94295906067277E-05,-0.000337653931023974,0.015));
#4356=CARTESIAN_POINT('',(-0.00840942960148672,-0.000337653931023974,0.015));
#4357=CARTESIAN_POINT('',(-0.00840942960148672,0.040183596068976,0.015));
#4358=CARTESIAN_POINT('',(-0.00840942960148672,0.0273835960689761,0.015));
#4359=CARTESIAN_POINT('',(-2.94295906067277E-05,0.0273835960689761,0.015));
#4360=CARTESIAN_POINT('',(0.0101455704093933,0.022283346068976,0.015));
#4361=CARTESIAN_POINT('',(-0.00885442959060675,0.022283346068976,0.015));
#4362=CARTESIAN_POINT('',(-0.00885442959060674,0.032783346068976,0.015));
#4363=CARTESIAN_POINT('',(-0.00885442959060673,0.043283346068976,0.015));
#4364=CARTESIAN_POINT('',(0.0101455704093933,0.043283346068976,0.015));
#4365=CARTESIAN_POINT('',(-2.94295906067277E-05,0.040183596068976,0.015));
#4366=CARTESIAN_POINT('',(-1.38777878078145E-17,0.053,0.018));
#4367=CARTESIAN_POINT('',(-0.03640411,0.053,0.012998));
#4368=CARTESIAN_POINT('',(-0.03640411,0.053,0.013));
#4369=CARTESIAN_POINT('',(-1.38777878078145E-17,0.053,0.013));
#4370=CARTESIAN_POINT('',(-0.04540411,0.053,0.013));
#4371=CARTESIAN_POINT('',(-0.04540411,0.053,0.018));
#4372=CARTESIAN_POINT('',(0.,0.,0.013));
#4373=CARTESIAN_POINT('',(-0.0463042697953034,-0.048006326965512,0.013));
#4374=CARTESIAN_POINT('',(-0.0446042697953034,-0.048006326965512,0.013));
#4375=CARTESIAN_POINT('',(0.0462748402046967,-0.048006326965512,0.013));
#4376=CARTESIAN_POINT('',(0.0479748402046967,-0.048006326965512,0.013));
#4377=CARTESIAN_POINT('',(0.0462748402046966,0.047668673034488,0.013));
#4378=CARTESIAN_POINT('',(0.0479748402046966,0.047668673034488,0.013));
#4379=CARTESIAN_POINT('',(-0.0463042697953034,0.047668673034488,0.013));
#4380=CARTESIAN_POINT('',(-0.0446042697953034,0.047668673034488,0.013));
#4381=CARTESIAN_POINT('',(-0.03640411,0.0245335960689761,0.013));
#4382=CARTESIAN_POINT('',(-0.03640411,0.044337346068976,0.013));
#4383=CARTESIAN_POINT('',(-2.94295906067277E-05,0.044337346068976,0.013));
#4384=CARTESIAN_POINT('',(-0.0432044295906067,0.044337346068976,0.013));
#4385=CARTESIAN_POINT('',(-0.0432044295906067,-0.000337653931023974,0.013));
#4386=CARTESIAN_POINT('',(-0.0432044295906067,-0.045012653931024,0.013));
#4387=CARTESIAN_POINT('',(-2.94295906067277E-05,-0.045012653931024,0.013));
#4388=CARTESIAN_POINT('',(0.0431455704093932,-0.045012653931024,0.013));
#4389=CARTESIAN_POINT('',(0.0431455704093932,-0.000337653931023974,0.013));
#4390=CARTESIAN_POINT('',(0.0431455704093932,0.044337346068976,0.013));
#4391=CARTESIAN_POINT('',(-2.94295906067277E-05,0.044337346068976,0.013));
#4392=CARTESIAN_POINT('',(-0.01640411,0.044337346068976,0.013));
#4393=CARTESIAN_POINT('',(-0.01640411,0.024533596068976,0.013));
#4394=CARTESIAN_POINT('',(-0.01640411,0.053,0.013));
#4395=CARTESIAN_POINT('',(-1.38777878078145E-17,0.053,0.013));
#4396=CARTESIAN_POINT('',(0.04540411,0.053,0.013));
#4397=CARTESIAN_POINT('',(0.04540411,0.047,0.013));
#4398=CARTESIAN_POINT('',(0.05140411,0.047,0.013));
#4399=CARTESIAN_POINT('',(0.05140411,0.,0.013));
#4400=CARTESIAN_POINT('',(0.05140411,-0.047,0.013));
#4401=CARTESIAN_POINT('',(0.04540411,-0.047,0.013));
#4402=CARTESIAN_POINT('',(0.04540411,-0.053,0.013));
#4403=CARTESIAN_POINT('',(1.38777878078145E-17,-0.053,0.013));
#4404=CARTESIAN_POINT('',(-0.04540411,-0.053,0.013));
#4405=CARTESIAN_POINT('',(-0.04540411,-0.047,0.013));
#4406=CARTESIAN_POINT('',(-0.05140411,-0.047,0.013));
#4407=CARTESIAN_POINT('',(-0.05140411,0.,0.013));
#4408=CARTESIAN_POINT('',(-0.05140411,0.047,0.013));
#4409=CARTESIAN_POINT('',(-0.04540411,0.047,0.013));
#4410=CARTESIAN_POINT('',(-2.94295906067277E-05,0.044337346068976,0.014));
#4411=CARTESIAN_POINT('',(-0.03640411,0.044337346068976,0.014));
#4412=CARTESIAN_POINT('',(-0.0432044295906067,0.044337346068976,0.014));
#4413=CARTESIAN_POINT('',(-0.02440411,0.0235335960689761,-0.009));
#4414=CARTESIAN_POINT('',(-0.01640411,0.023533596068976,-0.009));
#4415=CARTESIAN_POINT('',(-0.03640411,0.0235335960689761,-0.009));
#4416=CARTESIAN_POINT('',(0.05140411,0.,0.018));
#4417=CARTESIAN_POINT('',(0.05140411,0.047,0.018));
#4418=CARTESIAN_POINT('',(0.05140411,-0.047,0.018));
#4419=CARTESIAN_POINT('',(-1.38777878078145E-17,0.053,0.018));
#4420=CARTESIAN_POINT('',(-0.01640411,0.053,0.012998));
#4421=CARTESIAN_POINT('',(0.04540411,0.053,0.013));
#4422=CARTESIAN_POINT('',(-0.05140411,0.,0.018));
#4423=CARTESIAN_POINT('',(-0.05140411,0.047,0.018));
#4424=CARTESIAN_POINT('',(-0.05140411,-0.047,0.018));
#4425=CARTESIAN_POINT('',(1.38777878078145E-17,-0.053,0.018));
#4426=CARTESIAN_POINT('',(0.04540411,-0.053,0.018));
#4427=CARTESIAN_POINT('',(-0.04540411,-0.053,0.013));
#4428=CARTESIAN_POINT('',(-0.0463042697953034,0.047668673034488,0.038));
#4429=CARTESIAN_POINT('',(0.0462748402046966,0.047668673034488,0.038));
#4430=CARTESIAN_POINT('',(0.0462748402046967,-0.048006326965512,0.038));
#4431=CARTESIAN_POINT('',(-0.0463042697953034,-0.048006326965512,0.038));
#4432=CARTESIAN_POINT('',(0.0223604907860126,0.,0.014));
#4433=CARTESIAN_POINT('',(0.0235426528892588,0.0176475561283884,0.0184118890320971));
#4434=CARTESIAN_POINT('',(0.0209566607078333,-0.0005741118465447,0.00876083482304167));
#4435=CARTESIAN_POINT('',(0.0313604907860126,0.0176297182316346,0.0184784609690826));
#4436=CARTESIAN_POINT('',(0.038670793367714,0.0171400208133361,0.0203060366145081));
#4437=CARTESIAN_POINT('',(0.,0.000829718231634546,0.014));
#4438=CARTESIAN_POINT('',(0.0378265897425291,0.00336361927511806,0.0234566474356322));
#4439=CARTESIAN_POINT('',(0.0391604907860126,0.00982971823163455,0.0184784609690826));
#4440=CARTESIAN_POINT('',(0.0223604907860126,0.,0.014));
#4441=CARTESIAN_POINT('',(0.0223466611176451,-0.000206452099997914,0.0139483869750005));
#4442=CARTESIAN_POINT('',(0.0209566607078333,-0.0196241118465447,0.00876083482304167));
#4443=CARTESIAN_POINT('',(0.0239604907860126,-0.00142028176836545,0.0184784609690826));
#4444=CARTESIAN_POINT('',(0.0382062086375334,-0.00237456391684461,0.0220398904319629));
#4445=CARTESIAN_POINT('',(0.,-0.0182202817683654,0.014));
#4446=CARTESIAN_POINT('',(0.0378265897425291,-0.0156863807248819,0.0234566474356322));
#4447=CARTESIAN_POINT('',(0.0391604907860126,-0.0166202817683655,0.0184784609690826));
#4448=CARTESIAN_POINT('',(0.00331049078601257,0.,0.014));
#4449=CARTESIAN_POINT('',(0.00329666111764503,-0.000206452099997914,0.0139483869750005));
#4450=CARTESIAN_POINT('',(0.003102652479447,-0.018428120074931,0.0132243368801382));
#4451=CARTESIAN_POINT('',(0.00491049078601257,-0.00142028176836545,0.0184784609690826));
#4452=CARTESIAN_POINT('',(0.0191562086375334,-0.00237456391684461,0.0220398904319629));
#4453=CARTESIAN_POINT('',(0.,-0.0182202817683654,0.014));
#4454=CARTESIAN_POINT('',(0.0199725815141427,-0.0168823724964956,0.0189931453785357));
#4455=CARTESIAN_POINT('',(0.0201104907860126,-0.0166202817683655,0.0184784609690826));
#4456=CARTESIAN_POINT('',(-0.0157395092139874,0.,0.014));
#4457=CARTESIAN_POINT('',(-0.0157533388823549,-0.000206452099997914,0.0139483869750005));
#4458=CARTESIAN_POINT('',(-0.0147513557489393,-0.0172321283033173,0.0176878389372349));
#4459=CARTESIAN_POINT('',(-0.00673950921398742,-0.00142028176836545,0.0184784609690826));
#4460=CARTESIAN_POINT('',(0.000570793367714066,-0.00190997918666396,0.0203060366145081));
#4461=CARTESIAN_POINT('',(0.,-0.0182202817683654,0.014));
#4462=CARTESIAN_POINT('',(0.00211857328575643,-0.0180783642681093,0.0145296433214391));
#4463=CARTESIAN_POINT('',(0.00106049078601258,-0.00922028176836545,0.0184784609690826));
#4464=CARTESIAN_POINT('',(0.0223604907860126,0.,0.014));
#4465=CARTESIAN_POINT('',(0.0211506693460313,-0.0180604603283843,0.00948488491790394));
#4466=CARTESIAN_POINT('',(0.0209566607078333,-0.0386741118465447,0.00876083482304167));
#4467=CARTESIAN_POINT('',(0.0239604907860126,-0.0204702817683655,0.0184784609690826));
#4468=CARTESIAN_POINT('',(0.0382062086375334,-0.0214245639168446,0.0220398904319629));
#4469=CARTESIAN_POINT('',(0.,-0.0372702817683654,0.014));
#4470=CARTESIAN_POINT('',(0.0378265897425291,-0.034736380724882,0.0234566474356322));
#4471=CARTESIAN_POINT('',(0.0391604907860126,-0.0356702817683655,0.0184784609690826));
#4472=CARTESIAN_POINT('',(0.00331049078601257,0.,0.014));
#4473=CARTESIAN_POINT('',(0.00210066934603134,-0.0180604603283843,0.00948488491790394));
#4474=CARTESIAN_POINT('',(0.003102652479447,-0.037478120074931,0.0132243368801382));
#4475=CARTESIAN_POINT('',(0.00491049078601257,-0.0204702817683655,0.0184784609690826));
#4476=CARTESIAN_POINT('',(0.0191562086375334,-0.0214245639168446,0.0220398904319629));
#4477=CARTESIAN_POINT('',(0.,-0.0372702817683654,0.014));
#4478=CARTESIAN_POINT('',(0.0199725815141427,-0.0359323724964956,0.0189931453785357));
#4479=CARTESIAN_POINT('',(0.0201104907860126,-0.0356702817683655,0.0184784609690826));
#4480=CARTESIAN_POINT('',(-0.0157395092139874,0.,0.014));
#4481=CARTESIAN_POINT('',(-0.0169493306539686,-0.0180604603283843,0.00948488491790395));
#4482=CARTESIAN_POINT('',(-0.0147513557489393,-0.0362821283033174,0.0176878389372349));
#4483=CARTESIAN_POINT('',(-0.0141395092139874,-0.0204702817683655,0.0184784609690826));
#4484=CARTESIAN_POINT('',(0.000106208637533425,-0.0214245639168446,0.0220398904319629));
#4485=CARTESIAN_POINT('',(0.,-0.0372702817683654,0.014));
#4486=CARTESIAN_POINT('',(0.00211857328575644,-0.0371283642681093,0.0145296433214391));
#4487=CARTESIAN_POINT('',(0.00106049078601258,-0.0356702817683655,0.0184784609690826));
#4488=CARTESIAN_POINT('',(-0.0347895092139874,0.,0.014));
#4489=CARTESIAN_POINT('',(-0.0359993306539686,-0.0180604603283843,0.00948488491790394));
#4490=CARTESIAN_POINT('',(-0.0326053639773256,-0.0350861365317036,0.0221513409943314));
#4491=CARTESIAN_POINT('',(-0.0331895092139875,-0.0204702817683655,0.0184784609690826));
#4492=CARTESIAN_POINT('',(-0.0189437913624666,-0.0214245639168446,0.0220398904319629));
#4493=CARTESIAN_POINT('',(0.,-0.0372702817683654,0.014));
#4494=CARTESIAN_POINT('',(-0.0157354349426299,-0.038324356039723,0.0100661412643425));
#4495=CARTESIAN_POINT('',(-0.0179895092139875,-0.0356702817683655,0.0184784609690826));
#4496=CARTESIAN_POINT('',(-0.0347895092139874,0.,0.014));
#4497=CARTESIAN_POINT('',(-0.0348033388823549,-0.000206452099997914,0.0139483869750005));
#4498=CARTESIAN_POINT('',(-0.0326053639773256,-0.0160361365317037,0.0221513409943314));
#4499=CARTESIAN_POINT('',(-0.0331895092139875,-0.00142028176836545,0.0184784609690826));
#4500=CARTESIAN_POINT('',(-0.0189437913624666,-0.00237456391684461,0.0220398904319629));
#4501=CARTESIAN_POINT('',(0.,-0.0182202817683654,0.014));
#4502=CARTESIAN_POINT('',(-0.0157354349426299,-0.019274356039723,0.0100661412643425));
#4503=CARTESIAN_POINT('',(-0.0179895092139875,-0.0166202817683655,0.0184784609690826));
#4504=CARTESIAN_POINT('',(0.00331049078601257,0.,0.014));
#4505=CARTESIAN_POINT('',(0.00449265288925872,0.0176475561283884,0.0184118890320971));
#4506=CARTESIAN_POINT('',(0.003102652479447,0.000621879925068985,0.0132243368801382));
#4507=CARTESIAN_POINT('',(0.00491049078601257,0.0176297182316346,0.0184784609690826));
#4508=CARTESIAN_POINT('',(0.0191562086375334,0.0166754360831554,0.0220398904319629));
#4509=CARTESIAN_POINT('',(0.,0.000829718231634546,0.014));
#4510=CARTESIAN_POINT('',(0.0199725815141427,0.00216762750350438,0.0189931453785357));
#4511=CARTESIAN_POINT('',(0.0201104907860126,0.00242971823163454,0.0184784609690826));
#4512=CARTESIAN_POINT('',(-0.0157395092139874,0.,0.014));
#4513=CARTESIAN_POINT('',(-0.0145573471107413,0.0176475561283884,0.0184118890320971));
#4514=CARTESIAN_POINT('',(-0.0147513557489393,0.00181787169668267,0.0176878389372349));
#4515=CARTESIAN_POINT('',(-0.0141395092139874,0.0176297182316346,0.0184784609690826));
#4516=CARTESIAN_POINT('',(0.000106208637533427,0.0166754360831554,0.0220398904319629));
#4517=CARTESIAN_POINT('',(0.,0.000829718231634545,0.014));
#4518=CARTESIAN_POINT('',(0.00211857328575644,0.000971635731890692,0.0145296433214391));
#4519=CARTESIAN_POINT('',(0.00106049078601258,0.00242971823163454,0.0184784609690826));
#4520=CARTESIAN_POINT('',(-0.0347895092139874,0.,0.014));
#4521=CARTESIAN_POINT('',(-0.0336073471107413,0.0176475561283884,0.0184118890320971));
#4522=CARTESIAN_POINT('',(-0.0326053639773256,0.00301386346829635,0.0221513409943314));
#4523=CARTESIAN_POINT('',(-0.0331895092139875,0.0176297182316346,0.0184784609690826));
#4524=CARTESIAN_POINT('',(-0.0189437913624666,0.0166754360831554,0.0220398904319629));
#4525=CARTESIAN_POINT('',(0.,0.000829718231634546,0.014));
#4526=CARTESIAN_POINT('',(-0.0157354349426299,-0.000224356039722991,0.0100661412643425));
#4527=CARTESIAN_POINT('',(-0.0179895092139875,0.00242971823163454,0.0184784609690826));
#4528=CARTESIAN_POINT('',(-2.94295906067277E-05,0.044337346068976,0.014));
#4529=CARTESIAN_POINT('',(-0.01640411,0.044337346068976,0.014));
#4530=CARTESIAN_POINT('',(0.0431455704093932,0.044337346068976,0.014));
#4531=CARTESIAN_POINT('',(0.0431455704093932,-0.000337653931023974,0.014));
#4532=CARTESIAN_POINT('',(0.0431455704093932,-0.045012653931024,0.014));
#4533=CARTESIAN_POINT('',(-2.94295906067277E-05,-0.045012653931024,0.014));
#4534=CARTESIAN_POINT('',(-0.0432044295906067,-0.045012653931024,0.014));
#4535=CARTESIAN_POINT('',(-0.0432044295906067,-0.000337653931023974,0.014));
#4536=CARTESIAN_POINT('',(-0.04540411,0.047,0.018));
#4537=CARTESIAN_POINT('',(0.04540411,0.047,0.018));
#4538=CARTESIAN_POINT('',(0.04540411,-0.047,0.018));
#4539=CARTESIAN_POINT('',(-0.04540411,-0.047,0.018));
#4540=CARTESIAN_POINT('',(0.0101455704093933,0.043283346068976,0.015));
#4541=CARTESIAN_POINT('',(-0.00885442959060673,0.043283346068976,0.015));
#4542=CARTESIAN_POINT('',(0.0101455704093933,0.022283346068976,0.015));
#4543=CARTESIAN_POINT('',(-0.00885442959060675,0.022283346068976,0.015));
#4544=CARTESIAN_POINT('',(-0.00885442959060674,0.032783346068976,0.015));
#4545=CARTESIAN_POINT('',(-0.03640411,0.0245335960689761,-0.009));
#4546=CARTESIAN_POINT('',(-0.01640411,0.024533596068976,-0.009));
#4547=CARTESIAN_POINT('',(-0.00840942960148672,0.033783596068976,-0.009));
#4548=CARTESIAN_POINT('',(-0.00840942960148672,0.040183596068976,-0.009));
#4549=CARTESIAN_POINT('',(-0.00840942960148672,0.0273835960689761,-0.009));
#4550=CARTESIAN_POINT('',(0.0109905703985133,0.0273835960689761,-0.009));
#4551=CARTESIAN_POINT('',(0.0303905703985133,0.0273835960689761,-0.009));
#4552=CARTESIAN_POINT('',(0.0303905703985133,0.033783596068976,-0.009));
#4553=CARTESIAN_POINT('',(0.0303905703985133,0.040183596068976,-0.009));
#4554=CARTESIAN_POINT('',(0.0109905703985133,0.040183596068976,-0.009));
#4555=CARTESIAN_POINT('',(0.,0.,0.));
#4556=CARTESIAN_POINT('',(-0.03490411,0.048668673034488,0.0115));
#4557=CARTESIAN_POINT('',(-0.03640411,0.048668673034488,0.0115));
#4558=CARTESIAN_POINT('',(-0.03640411,0.044337346068976,0.0115));
#4559=CARTESIAN_POINT('',(-0.03640411,0.053,0.0115));
#4560=CARTESIAN_POINT('',(-0.03490411,0.044337346068976,0.0115));
#4561=CARTESIAN_POINT('',(-0.03490411,0.044337346068976,0.01));
#4562=CARTESIAN_POINT('',(-0.03490411,0.048668673034488,0.01));
#4563=CARTESIAN_POINT('',(-0.03490411,0.053,0.01));
#4564=CARTESIAN_POINT('',(-0.03490411,0.053,0.0115));
#4565=CARTESIAN_POINT('',(-0.01790411,0.048668673034488,0.0115));
#4566=CARTESIAN_POINT('',(-0.01640411,0.048668673034488,0.0115));
#4567=CARTESIAN_POINT('',(-0.01640411,0.053,0.0115));
#4568=CARTESIAN_POINT('',(-0.01640411,0.044337346068976,0.0115));
#4569=CARTESIAN_POINT('',(-0.01790411,0.053,0.0115));
#4570=CARTESIAN_POINT('',(-0.01790411,0.053,0.01));
#4571=CARTESIAN_POINT('',(-0.0179041099999993,-2.58145479782025E-16,0.01));
#4572=CARTESIAN_POINT('',(-0.01790411,0.044337346068976,0.01));
#4573=CARTESIAN_POINT('',(-0.01790411,0.044337346068976,0.0115));
#4574=CARTESIAN_POINT('',(0.,0.,0.013));
#4575=CARTESIAN_POINT('',(-0.0463042697953034,-0.048006326965512,0.013));
#4576=CARTESIAN_POINT('',(-0.0446042697953034,-0.048006326965512,0.013));
#4577=CARTESIAN_POINT('',(-0.0463042697953034,0.047668673034488,0.013));
#4578=CARTESIAN_POINT('',(-0.0446042697953034,0.047668673034488,0.013));
#4579=CARTESIAN_POINT('',(0.0462748402046966,0.047668673034488,0.013));
#4580=CARTESIAN_POINT('',(0.0479748402046966,0.047668673034488,0.013));
#4581=CARTESIAN_POINT('',(0.0462748402046967,-0.048006326965512,0.013));
#4582=CARTESIAN_POINT('',(0.0479748402046967,-0.048006326965512,0.013));
#4583=CARTESIAN_POINT('',(-2.94295906067277E-05,0.044337346068976,0.013));
#4584=CARTESIAN_POINT('',(-0.03640411,0.044337346068976,0.013));
#4585=CARTESIAN_POINT('',(-0.0432044295906067,0.044337346068976,0.013));
#4586=CARTESIAN_POINT('',(-0.03640411,0.048668673034488,0.013));
#4587=CARTESIAN_POINT('',(-0.03640411,0.053,0.013));
#4588=CARTESIAN_POINT('',(-1.38777878078145E-17,0.053,0.013));
#4589=CARTESIAN_POINT('',(-0.04540411,0.053,0.013));
#4590=CARTESIAN_POINT('',(-0.04540411,0.047,0.013));
#4591=CARTESIAN_POINT('',(-0.05140411,0.047,0.013));
#4592=CARTESIAN_POINT('',(-0.05140411,0.,0.013));
#4593=CARTESIAN_POINT('',(-0.05140411,-0.047,0.013));
#4594=CARTESIAN_POINT('',(-0.04540411,-0.047,0.013));
#4595=CARTESIAN_POINT('',(-0.04540411,-0.053,0.013));
#4596=CARTESIAN_POINT('',(1.38777878078145E-17,-0.053,0.013));
#4597=CARTESIAN_POINT('',(0.04540411,-0.053,0.013));
#4598=CARTESIAN_POINT('',(0.04540411,-0.047,0.013));
#4599=CARTESIAN_POINT('',(0.05140411,-0.047,0.013));
#4600=CARTESIAN_POINT('',(0.05140411,0.,0.013));
#4601=CARTESIAN_POINT('',(0.05140411,0.047,0.013));
#4602=CARTESIAN_POINT('',(0.04540411,0.047,0.013));
#4603=CARTESIAN_POINT('',(0.04540411,0.053,0.013));
#4604=CARTESIAN_POINT('',(-1.38777878078145E-17,0.053,0.013));
#4605=CARTESIAN_POINT('',(-0.01640411,0.053,0.013));
#4606=CARTESIAN_POINT('',(-0.01640411,0.048668673034488,0.013));
#4607=CARTESIAN_POINT('',(-0.01640411,0.044337346068976,0.013));
#4608=CARTESIAN_POINT('',(-2.94295906067277E-05,0.044337346068976,0.013));
#4609=CARTESIAN_POINT('',(0.0431455704093932,0.044337346068976,0.013));
#4610=CARTESIAN_POINT('',(0.0431455704093932,-0.000337653931023967,0.013));
#4611=CARTESIAN_POINT('',(0.0431455704093932,-0.045012653931024,0.013));
#4612=CARTESIAN_POINT('',(-2.94295906067277E-05,-0.045012653931024,0.013));
#4613=CARTESIAN_POINT('',(-0.0432044295906067,-0.045012653931024,0.013));
#4614=CARTESIAN_POINT('',(-0.0432044295906068,-0.000337653931023974,0.013));
#4615=CARTESIAN_POINT('',(-2.94295906067277E-05,0.044337346068976,0.013));
#4616=CARTESIAN_POINT('',(-0.03640411,0.044337346068976,0.01));
#4617=CARTESIAN_POINT('',(-0.0432044295906067,0.044337346068976,0.013));
#4618=CARTESIAN_POINT('',(-0.0432044295906067,0.044337346068976,0.0075));
#4619=CARTESIAN_POINT('',(-2.94295906067277E-05,0.044337346068976,0.0075));
#4620=CARTESIAN_POINT('',(-0.0392044295906067,0.044337346068976,0.0075));
#4621=CARTESIAN_POINT('',(-0.0392044295906067,0.044337346068976,0.0075));
#4622=CARTESIAN_POINT('',(-0.0392044295906067,0.044337346068976,0.003));
#4623=CARTESIAN_POINT('',(-2.94295906067277E-05,0.044337346068976,0.003));
#4624=CARTESIAN_POINT('',(0.0381455704093933,0.044337346068976,0.003));
#4625=CARTESIAN_POINT('',(0.0381455704093933,0.044337346068976,0.0075));
#4626=CARTESIAN_POINT('',(0.0381455704093933,0.044337346068976,0.0075));
#4627=CARTESIAN_POINT('',(-2.94295906067277E-05,0.044337346068976,0.0075));
#4628=CARTESIAN_POINT('',(0.0431455704093932,0.044337346068976,0.0075));
#4629=CARTESIAN_POINT('',(0.0431455704093932,0.044337346068976,0.013));
#4630=CARTESIAN_POINT('',(-0.01640411,0.044337346068976,0.01));
#4631=CARTESIAN_POINT('',(-2.94295906067277E-05,0.044337346068976,0.01));
#4632=CARTESIAN_POINT('',(0.,6.93889390390723E-18,0.003));
#4633=CARTESIAN_POINT('',(-0.0162645092139874,0.00115151500135904,0.003));
#4634=CARTESIAN_POINT('',(-0.0154177124442629,0.00115151500135904,0.003));
#4635=CARTESIAN_POINT('',(-0.0171113059837119,0.00115151500135904,0.003));
#4636=CARTESIAN_POINT('',(-0.0154177124442629,0.000304718231634546,0.003));
#4637=CARTESIAN_POINT('',(-0.0154177124442629,-0.000542078538089943,0.003));
#4638=CARTESIAN_POINT('',(-0.0162645092139874,-0.000542078538089943,0.003));
#4639=CARTESIAN_POINT('',(-0.0171113059837119,-0.000542078538089943,0.003));
#4640=CARTESIAN_POINT('',(-0.0171113059837119,0.000304718231634546,0.003));
#4641=CARTESIAN_POINT('',(0.00278549078601258,0.00115151500135904,0.003));
#4642=CARTESIAN_POINT('',(0.00363228755573706,0.00115151500135904,0.003));
#4643=CARTESIAN_POINT('',(0.00193869401628809,0.00115151500135904,0.003));
#4644=CARTESIAN_POINT('',(0.00363228755573706,0.000304718231634547,0.003));
#4645=CARTESIAN_POINT('',(0.00363228755573706,-0.000542078538089943,0.003));
#4646=CARTESIAN_POINT('',(0.00278549078601258,-0.000542078538089943,0.003));
#4647=CARTESIAN_POINT('',(0.00193869401628809,-0.000542078538089943,0.003));
#4648=CARTESIAN_POINT('',(0.00193869401628809,0.000304718231634547,0.003));
#4649=CARTESIAN_POINT('',(0.0218354907860126,0.00115151500135904,0.003));
#4650=CARTESIAN_POINT('',(0.022682287555737,0.00115151500135904,0.003));
#4651=CARTESIAN_POINT('',(0.0209886940162881,0.00115151500135904,0.003));
#4652=CARTESIAN_POINT('',(0.022682287555737,0.000304718231634547,0.003));
#4653=CARTESIAN_POINT('',(0.022682287555737,-0.000542078538089943,0.003));
#4654=CARTESIAN_POINT('',(0.0218354907860126,-0.000542078538089943,0.003));
#4655=CARTESIAN_POINT('',(0.0209886940162881,-0.000542078538089943,0.003));
#4656=CARTESIAN_POINT('',(0.0209886940162881,0.000304718231634547,0.003));
#4657=CARTESIAN_POINT('',(0.0218354907860126,-0.017898484998641,0.003));
#4658=CARTESIAN_POINT('',(0.022682287555737,-0.017898484998641,0.003));
#4659=CARTESIAN_POINT('',(0.0209886940162881,-0.017898484998641,0.003));
#4660=CARTESIAN_POINT('',(0.022682287555737,-0.0187452817683655,0.003));
#4661=CARTESIAN_POINT('',(0.022682287555737,-0.0195920785380899,0.003));
#4662=CARTESIAN_POINT('',(0.0218354907860126,-0.0195920785380899,0.003));
#4663=CARTESIAN_POINT('',(0.0209886940162881,-0.0195920785380899,0.003));
#4664=CARTESIAN_POINT('',(0.0209886940162881,-0.0187452817683655,0.003));
#4665=CARTESIAN_POINT('',(0.00278549078601258,-0.017898484998641,0.003));
#4666=CARTESIAN_POINT('',(0.00363228755573706,-0.017898484998641,0.003));
#4667=CARTESIAN_POINT('',(0.0019386940162881,-0.017898484998641,0.003));
#4668=CARTESIAN_POINT('',(0.00363228755573706,-0.0187452817683655,0.003));
#4669=CARTESIAN_POINT('',(0.00363228755573706,-0.0195920785380899,0.003));
#4670=CARTESIAN_POINT('',(0.00278549078601258,-0.0195920785380899,0.003));
#4671=CARTESIAN_POINT('',(0.0019386940162881,-0.0195920785380899,0.003));
#4672=CARTESIAN_POINT('',(0.0019386940162881,-0.0187452817683655,0.003));
#4673=CARTESIAN_POINT('',(-0.0162645092139874,-0.017898484998641,0.003));
#4674=CARTESIAN_POINT('',(-0.0154177124442629,-0.017898484998641,0.003));
#4675=CARTESIAN_POINT('',(-0.0171113059837119,-0.017898484998641,0.003));
#4676=CARTESIAN_POINT('',(-0.0154177124442629,-0.0187452817683655,0.003));
#4677=CARTESIAN_POINT('',(-0.0154177124442629,-0.0195920785380899,0.003));
#4678=CARTESIAN_POINT('',(-0.0162645092139874,-0.0195920785380899,0.003));
#4679=CARTESIAN_POINT('',(-0.0171113059837119,-0.0195920785380899,0.003));
#4680=CARTESIAN_POINT('',(-0.0171113059837119,-0.0187452817683655,0.003));
#4681=CARTESIAN_POINT('',(-0.0392044295906067,0.042337346068976,0.003));
#4682=CARTESIAN_POINT('',(-0.0392044295906067,0.0403373460689761,0.003));
#4683=CARTESIAN_POINT('',(-0.0412044295906067,0.0403373460689761,0.003));
#4684=CARTESIAN_POINT('',(-0.0432044295906068,0.0403373460689761,0.003));
#4685=CARTESIAN_POINT('',(-0.0432044295906068,-0.000337653931023974,0.003));
#4686=CARTESIAN_POINT('',(-0.0432044295906068,-0.040012653931024,0.003));
#4687=CARTESIAN_POINT('',(-0.0407044295906067,-0.040012653931024,0.003));
#4688=CARTESIAN_POINT('',(-0.0382044295906067,-0.040012653931024,0.003));
#4689=CARTESIAN_POINT('',(-0.0382044295906067,-0.042512653931024,0.003));
#4690=CARTESIAN_POINT('',(-0.0382044295906067,-0.045012653931024,0.003));
#4691=CARTESIAN_POINT('',(-2.94295906067277E-05,-0.045012653931024,0.003));
#4692=CARTESIAN_POINT('',(0.0381455704093933,-0.045012653931024,0.003));
#4693=CARTESIAN_POINT('',(0.0381455704093933,-0.042512653931024,0.003));
#4694=CARTESIAN_POINT('',(0.0381455704093933,-0.040012653931024,0.003));
#4695=CARTESIAN_POINT('',(0.0406455704093933,-0.040012653931024,0.003));
#4696=CARTESIAN_POINT('',(0.0431455704093932,-0.040012653931024,0.003));
#4697=CARTESIAN_POINT('',(0.0431455704093932,-0.000337653931023967,0.003));
#4698=CARTESIAN_POINT('',(0.0431455704093932,0.039337346068976,0.003));
#4699=CARTESIAN_POINT('',(0.0406455704093932,0.039337346068976,0.003));
#4700=CARTESIAN_POINT('',(0.0381455704093933,0.039337346068976,0.003));
#4701=CARTESIAN_POINT('',(0.0381455704093933,0.041837346068976,0.003));
#4702=CARTESIAN_POINT('',(0.0462748402046967,-0.048006326965512,-0.012));
#4703=CARTESIAN_POINT('',(0.0462748402046967,-0.048006326965512,0.0032));
#4704=CARTESIAN_POINT('',(0.0445748402046967,-0.048006326965512,0.0032));
#4705=CARTESIAN_POINT('',(0.0462748402046966,0.047668673034488,-0.012));
#4706=CARTESIAN_POINT('',(0.0462748402046966,0.047668673034488,0.0032));
#4707=CARTESIAN_POINT('',(0.0445748402046966,0.047668673034488,0.0032));
#4708=CARTESIAN_POINT('',(-0.0463042697953034,0.047668673034488,-0.012));
#4709=CARTESIAN_POINT('',(-0.0463042697953034,0.047668673034488,0.0032));
#4710=CARTESIAN_POINT('',(-0.0480042697953034,0.047668673034488,0.0032));
#4711=CARTESIAN_POINT('',(-0.0463042697953034,-0.048006326965512,-0.012));
#4712=CARTESIAN_POINT('',(-0.0463042697953034,-0.048006326965512,0.0032));
#4713=CARTESIAN_POINT('',(-0.0480042697953034,-0.048006326965512,0.0032));
#4714=CARTESIAN_POINT('',(0.,6.93889390390723E-18,0.));
#4715=CARTESIAN_POINT('',(0.0462748402046966,0.047668673034488,0.));
#4716=CARTESIAN_POINT('',(0.0422748402046966,0.047668673034488,0.));
#4717=CARTESIAN_POINT('',(-0.0463042697953034,0.047668673034488,0.));
#4718=CARTESIAN_POINT('',(-0.0503042697953034,0.047668673034488,0.));
#4719=CARTESIAN_POINT('',(-0.0463042697953034,-0.048006326965512,0.));
#4720=CARTESIAN_POINT('',(-0.0503042697953034,-0.048006326965512,0.));
#4721=CARTESIAN_POINT('',(0.0462748402046967,-0.048006326965512,0.));
#4722=CARTESIAN_POINT('',(0.0422748402046967,-0.048006326965512,0.));
#4723=CARTESIAN_POINT('',(-0.05140411,0.,0.));
#4724=CARTESIAN_POINT('',(-0.05140411,0.047,0.));
#4725=CARTESIAN_POINT('',(-0.05140411,-0.047,0.));
#4726=CARTESIAN_POINT('',(-0.04540411,0.047,0.));
#4727=CARTESIAN_POINT('',(-0.04540411,0.053,0.));
#4728=CARTESIAN_POINT('',(-1.38777878078145E-17,0.053,0.));
#4729=CARTESIAN_POINT('',(0.04540411,0.053,0.));
#4730=CARTESIAN_POINT('',(0.04540411,0.047,0.));
#4731=CARTESIAN_POINT('',(0.05140411,0.047,0.));
#4732=CARTESIAN_POINT('',(0.05140411,0.,0.));
#4733=CARTESIAN_POINT('',(0.05140411,-0.047,0.));
#4734=CARTESIAN_POINT('',(0.04540411,-0.047,0.));
#4735=CARTESIAN_POINT('',(0.04540411,-0.053,0.));
#4736=CARTESIAN_POINT('',(1.38777878078145E-17,-0.053,0.));
#4737=CARTESIAN_POINT('',(-0.04540411,-0.053,0.));
#4738=CARTESIAN_POINT('',(-0.04540411,-0.047,0.));
#4739=CARTESIAN_POINT('',(-0.0432044295906068,-0.000337653931023974,0.013));
#4740=CARTESIAN_POINT('',(-0.0432044295906068,0.0403373460689761,0.0075));
#4741=CARTESIAN_POINT('',(-0.0432044295906068,0.0403373460689761,0.0075));
#4742=CARTESIAN_POINT('',(-0.0432044295906068,-0.000337653931023974,0.0075));
#4743=CARTESIAN_POINT('',(-0.0432044295906067,-0.045012653931024,0.013));
#4744=CARTESIAN_POINT('',(-0.0432044295906067,-0.045012653931024,0.0075));
#4745=CARTESIAN_POINT('',(-0.0432044295906068,-0.000337653931023974,0.0075));
#4746=CARTESIAN_POINT('',(-0.0432044295906068,-0.040012653931024,0.0075));
#4747=CARTESIAN_POINT('',(-0.0432044295906068,-0.040012653931024,0.0075));
#4748=CARTESIAN_POINT('',(0.0431455704093932,-0.000337653931023967,0.013));
#4749=CARTESIAN_POINT('',(0.0431455704093932,-0.040012653931024,0.0075));
#4750=CARTESIAN_POINT('',(0.0431455704093932,-0.040012653931024,0.0075));
#4751=CARTESIAN_POINT('',(0.0431455704093932,-0.000337653931023967,0.0075));
#4752=CARTESIAN_POINT('',(0.0431455704093932,-0.045012653931024,0.0075));
#4753=CARTESIAN_POINT('',(0.0431455704093932,-0.045012653931024,0.013));
#4754=CARTESIAN_POINT('',(0.0431455704093932,-0.000337653931023967,0.0075));
#4755=CARTESIAN_POINT('',(0.0431455704093932,0.039337346068976,0.0075));
#4756=CARTESIAN_POINT('',(0.0431455704093932,0.039337346068976,0.0075));
#4757=CARTESIAN_POINT('',(-2.94295906067277E-05,-0.045012653931024,0.013));
#4758=CARTESIAN_POINT('',(-0.0382044295906067,-0.045012653931024,0.0075));
#4759=CARTESIAN_POINT('',(-0.0382044295906067,-0.045012653931024,0.0075));
#4760=CARTESIAN_POINT('',(-2.94295906067277E-05,-0.045012653931024,0.0075));
#4761=CARTESIAN_POINT('',(-2.94295906067277E-05,-0.045012653931024,0.0075));
#4762=CARTESIAN_POINT('',(0.0381455704093933,-0.045012653931024,0.0075));
#4763=CARTESIAN_POINT('',(0.0381455704093933,-0.045012653931024,0.0075));
#4764=CARTESIAN_POINT('',(0.05140411,0.,0.013002));
#4765=CARTESIAN_POINT('',(0.05140411,0.047,0.013));
#4766=CARTESIAN_POINT('',(0.05140411,-0.047,0.013002));
#4767=CARTESIAN_POINT('',(1.38777878078145E-17,-0.053,0.013002));
#4768=CARTESIAN_POINT('',(0.04540411,-0.053,0.013002));
#4769=CARTESIAN_POINT('',(-0.04540411,-0.053,0.));
#4770=CARTESIAN_POINT('',(-0.05140411,0.,0.013002));
#4771=CARTESIAN_POINT('',(-0.05140411,0.047,0.013002));
#4772=CARTESIAN_POINT('',(-0.05140411,-0.047,0.013));
#4773=CARTESIAN_POINT('',(-1.38777878078145E-17,0.053,0.013002));
#4774=CARTESIAN_POINT('',(-0.01640411,0.053,0.01));
#4775=CARTESIAN_POINT('',(0.04540411,0.053,0.));
#4776=CARTESIAN_POINT('',(-0.04540411,0.053,0.013002));
#4777=CARTESIAN_POINT('',(-0.03640411,0.053,0.01));
#4778=CARTESIAN_POINT('',(-1.38777878078145E-17,0.053,0.01));
#4779=CARTESIAN_POINT('',(0.,0.,0.0032));
#4780=CARTESIAN_POINT('',(-0.0463042697953034,-0.048006326965512,0.0032));
#4781=CARTESIAN_POINT('',(-0.0503042697953034,-0.048006326965512,0.0032));
#4782=CARTESIAN_POINT('',(-0.0463042697953034,-0.048006326965512,0.0032));
#4783=CARTESIAN_POINT('',(0.,0.,0.0032));
#4784=CARTESIAN_POINT('',(-0.0463042697953034,0.047668673034488,0.0032));
#4785=CARTESIAN_POINT('',(-0.0503042697953034,0.047668673034488,0.0032));
#4786=CARTESIAN_POINT('',(-0.0463042697953034,0.047668673034488,0.0032));
#4787=CARTESIAN_POINT('',(0.,0.,0.0032));
#4788=CARTESIAN_POINT('',(0.0462748402046966,0.047668673034488,0.0032));
#4789=CARTESIAN_POINT('',(0.0422748402046966,0.047668673034488,0.0032));
#4790=CARTESIAN_POINT('',(0.0462748402046966,0.047668673034488,0.0032));
#4791=CARTESIAN_POINT('',(0.,0.,0.0032));
#4792=CARTESIAN_POINT('',(0.0462748402046967,-0.048006326965512,0.0032));
#4793=CARTESIAN_POINT('',(0.0422748402046967,-0.048006326965512,0.0032));
#4794=CARTESIAN_POINT('',(0.0462748402046967,-0.048006326965512,0.0032));
#4795=CARTESIAN_POINT('',(-0.0154177124442629,0.000304718231634546,0.0075));
#4796=CARTESIAN_POINT('',(-0.0154177124442629,0.00115151500135904,0.0075));
#4797=CARTESIAN_POINT('',(-0.0154177124442629,0.00115151500135904,0.0075));
#4798=CARTESIAN_POINT('',(-0.0154177124442629,0.000304718231634546,0.0075));
#4799=CARTESIAN_POINT('',(-0.0154177124442629,-0.000542078538089943,0.0075));
#4800=CARTESIAN_POINT('',(-0.0154177124442629,-0.000542078538089943,0.0075));
#4801=CARTESIAN_POINT('',(-0.0162645092139874,0.00115151500135904,0.0075));
#4802=CARTESIAN_POINT('',(-0.0171113059837119,0.00115151500135904,0.0075));
#4803=CARTESIAN_POINT('',(-0.0171113059837119,0.00115151500135904,0.0075));
#4804=CARTESIAN_POINT('',(-0.0162645092139874,0.00115151500135904,0.0075));
#4805=CARTESIAN_POINT('',(-0.0171113059837119,0.000304718231634546,0.0075));
#4806=CARTESIAN_POINT('',(-0.0171113059837119,-0.000542078538089943,0.0075));
#4807=CARTESIAN_POINT('',(-0.0171113059837119,-0.000542078538089943,0.0075));
#4808=CARTESIAN_POINT('',(-0.0171113059837119,0.000304718231634546,0.0075));
#4809=CARTESIAN_POINT('',(-0.0162645092139874,-0.000542078538089943,0.0075));
#4810=CARTESIAN_POINT('',(-0.0162645092139874,-0.000542078538089943,0.0075));
#4811=CARTESIAN_POINT('',(-2.94295906067277E-05,-0.000337653931023967,0.0075));
#4812=CARTESIAN_POINT('',(0.00363228755573706,0.000304718231634547,0.0075));
#4813=CARTESIAN_POINT('',(0.00363228755573706,0.00115151500135904,0.0075));
#4814=CARTESIAN_POINT('',(0.00363228755573706,0.00115151500135904,0.0075));
#4815=CARTESIAN_POINT('',(0.00363228755573706,0.000304718231634547,0.0075));
#4816=CARTESIAN_POINT('',(0.00363228755573706,-0.000542078538089943,0.0075));
#4817=CARTESIAN_POINT('',(0.00363228755573706,-0.000542078538089943,0.0075));
#4818=CARTESIAN_POINT('',(0.00278549078601258,0.00115151500135904,0.0075));
#4819=CARTESIAN_POINT('',(0.00193869401628809,0.00115151500135904,0.0075));
#4820=CARTESIAN_POINT('',(0.00193869401628809,0.00115151500135904,0.0075));
#4821=CARTESIAN_POINT('',(0.00278549078601258,0.00115151500135904,0.0075));
#4822=CARTESIAN_POINT('',(0.00193869401628809,0.000304718231634547,0.0075));
#4823=CARTESIAN_POINT('',(0.00193869401628809,-0.000542078538089943,0.0075));
#4824=CARTESIAN_POINT('',(0.00193869401628809,-0.000542078538089943,0.0075));
#4825=CARTESIAN_POINT('',(0.00193869401628809,0.000304718231634547,0.0075));
#4826=CARTESIAN_POINT('',(0.00278549078601258,-0.000542078538089943,0.0075));
#4827=CARTESIAN_POINT('',(0.00278549078601258,-0.000542078538089943,0.0075));
#4828=CARTESIAN_POINT('',(-2.94295906067277E-05,-0.000337653931023967,0.0075));
#4829=CARTESIAN_POINT('',(0.022682287555737,0.000304718231634547,0.0075));
#4830=CARTESIAN_POINT('',(0.022682287555737,0.00115151500135904,0.0075));
#4831=CARTESIAN_POINT('',(0.022682287555737,0.00115151500135904,0.0075));
#4832=CARTESIAN_POINT('',(0.022682287555737,0.000304718231634547,0.0075));
#4833=CARTESIAN_POINT('',(0.022682287555737,-0.000542078538089943,0.0075));
#4834=CARTESIAN_POINT('',(0.022682287555737,-0.000542078538089943,0.0075));
#4835=CARTESIAN_POINT('',(0.0218354907860126,0.00115151500135904,0.0075));
#4836=CARTESIAN_POINT('',(0.0209886940162881,0.00115151500135904,0.0075));
#4837=CARTESIAN_POINT('',(0.0209886940162881,0.00115151500135904,0.0075));
#4838=CARTESIAN_POINT('',(0.0218354907860126,0.00115151500135904,0.0075));
#4839=CARTESIAN_POINT('',(0.0209886940162881,0.000304718231634547,0.0075));
#4840=CARTESIAN_POINT('',(0.0209886940162881,-0.000542078538089943,0.0075));
#4841=CARTESIAN_POINT('',(0.0209886940162881,-0.000542078538089943,0.0075));
#4842=CARTESIAN_POINT('',(0.0209886940162881,0.000304718231634547,0.0075));
#4843=CARTESIAN_POINT('',(0.0218354907860126,-0.000542078538089943,0.0075));
#4844=CARTESIAN_POINT('',(0.0218354907860126,-0.000542078538089943,0.0075));
#4845=CARTESIAN_POINT('',(-2.94295906067277E-05,-0.000337653931023967,0.0075));
#4846=CARTESIAN_POINT('',(0.022682287555737,-0.0187452817683655,0.0075));
#4847=CARTESIAN_POINT('',(0.022682287555737,-0.017898484998641,0.0075));
#4848=CARTESIAN_POINT('',(0.022682287555737,-0.017898484998641,0.0075));
#4849=CARTESIAN_POINT('',(0.022682287555737,-0.0187452817683655,0.0075));
#4850=CARTESIAN_POINT('',(0.022682287555737,-0.0195920785380899,0.0075));
#4851=CARTESIAN_POINT('',(0.022682287555737,-0.0195920785380899,0.0075));
#4852=CARTESIAN_POINT('',(0.0218354907860126,-0.017898484998641,0.0075));
#4853=CARTESIAN_POINT('',(0.0209886940162881,-0.017898484998641,0.0075));
#4854=CARTESIAN_POINT('',(0.0209886940162881,-0.017898484998641,0.0075));
#4855=CARTESIAN_POINT('',(0.0218354907860126,-0.017898484998641,0.0075));
#4856=CARTESIAN_POINT('',(0.0209886940162881,-0.0187452817683655,0.0075));
#4857=CARTESIAN_POINT('',(0.0209886940162881,-0.0195920785380899,0.0075));
#4858=CARTESIAN_POINT('',(0.0209886940162881,-0.0195920785380899,0.0075));
#4859=CARTESIAN_POINT('',(0.0209886940162881,-0.0187452817683655,0.0075));
#4860=CARTESIAN_POINT('',(0.0218354907860126,-0.0195920785380899,0.0075));
#4861=CARTESIAN_POINT('',(0.0218354907860126,-0.0195920785380899,0.0075));
#4862=CARTESIAN_POINT('',(-2.94295906067277E-05,-0.000337653931023967,0.0075));
#4863=CARTESIAN_POINT('',(0.00363228755573706,-0.0187452817683655,0.0075));
#4864=CARTESIAN_POINT('',(0.00363228755573706,-0.017898484998641,0.0075));
#4865=CARTESIAN_POINT('',(0.00363228755573706,-0.017898484998641,0.0075));
#4866=CARTESIAN_POINT('',(0.00363228755573706,-0.0187452817683655,0.0075));
#4867=CARTESIAN_POINT('',(0.00363228755573706,-0.0195920785380899,0.0075));
#4868=CARTESIAN_POINT('',(0.00363228755573706,-0.0195920785380899,0.0075));
#4869=CARTESIAN_POINT('',(0.00278549078601258,-0.017898484998641,0.0075));
#4870=CARTESIAN_POINT('',(0.0019386940162881,-0.017898484998641,0.0075));
#4871=CARTESIAN_POINT('',(0.0019386940162881,-0.017898484998641,0.0075));
#4872=CARTESIAN_POINT('',(0.00278549078601258,-0.017898484998641,0.0075));
#4873=CARTESIAN_POINT('',(0.0019386940162881,-0.0187452817683655,0.0075));
#4874=CARTESIAN_POINT('',(0.0019386940162881,-0.0195920785380899,0.0075));
#4875=CARTESIAN_POINT('',(0.0019386940162881,-0.0195920785380899,0.0075));
#4876=CARTESIAN_POINT('',(0.0019386940162881,-0.0187452817683655,0.0075));
#4877=CARTESIAN_POINT('',(0.00278549078601258,-0.0195920785380899,0.0075));
#4878=CARTESIAN_POINT('',(0.00278549078601258,-0.0195920785380899,0.0075));
#4879=CARTESIAN_POINT('',(-2.94295906067277E-05,-0.000337653931023967,0.0075));
#4880=CARTESIAN_POINT('',(-0.0154177124442629,-0.0187452817683655,0.0075));
#4881=CARTESIAN_POINT('',(-0.0154177124442629,-0.017898484998641,0.0075));
#4882=CARTESIAN_POINT('',(-0.0154177124442629,-0.017898484998641,0.0075));
#4883=CARTESIAN_POINT('',(-0.0154177124442629,-0.0187452817683655,0.0075));
#4884=CARTESIAN_POINT('',(-0.0154177124442629,-0.0195920785380899,0.0075));
#4885=CARTESIAN_POINT('',(-0.0154177124442629,-0.0195920785380899,0.0075));
#4886=CARTESIAN_POINT('',(-0.0162645092139874,-0.017898484998641,0.0075));
#4887=CARTESIAN_POINT('',(-0.0171113059837119,-0.017898484998641,0.0075));
#4888=CARTESIAN_POINT('',(-0.0171113059837119,-0.017898484998641,0.0075));
#4889=CARTESIAN_POINT('',(-0.0162645092139874,-0.017898484998641,0.0075));
#4890=CARTESIAN_POINT('',(-0.0171113059837119,-0.0187452817683655,0.0075));
#4891=CARTESIAN_POINT('',(-0.0171113059837119,-0.0195920785380899,0.0075));
#4892=CARTESIAN_POINT('',(-0.0171113059837119,-0.0195920785380899,0.0075));
#4893=CARTESIAN_POINT('',(-0.0171113059837119,-0.0187452817683655,0.0075));
#4894=CARTESIAN_POINT('',(-0.0162645092139874,-0.0195920785380899,0.0075));
#4895=CARTESIAN_POINT('',(-0.0162645092139874,-0.0195920785380899,0.0075));
#4896=CARTESIAN_POINT('',(-2.94295906067277E-05,-0.000337653931023967,0.0075));
#4897=CARTESIAN_POINT('',(0.0406455704093932,0.039337346068976,0.0075));
#4898=CARTESIAN_POINT('',(0.0406455704093932,0.039337346068976,0.0075));
#4899=CARTESIAN_POINT('',(0.0381455704093933,0.039337346068976,0.0075));
#4900=CARTESIAN_POINT('',(0.0381455704093933,0.039337346068976,0.0075));
#4901=CARTESIAN_POINT('',(0.0381455704093933,0.041837346068976,0.0075));
#4902=CARTESIAN_POINT('',(0.0381455704093933,0.041837346068976,0.0075));
#4903=CARTESIAN_POINT('',(-2.94295906067277E-05,-0.000337653931023967,0.0075));
#4904=CARTESIAN_POINT('',(0.0406455704093933,-0.040012653931024,0.0075));
#4905=CARTESIAN_POINT('',(0.0381455704093933,-0.040012653931024,0.0075));
#4906=CARTESIAN_POINT('',(0.0381455704093933,-0.040012653931024,0.0075));
#4907=CARTESIAN_POINT('',(0.0406455704093933,-0.040012653931024,0.0075));
#4908=CARTESIAN_POINT('',(0.0381455704093933,-0.042512653931024,0.0075));
#4909=CARTESIAN_POINT('',(0.0381455704093933,-0.042512653931024,0.0075));
#4910=CARTESIAN_POINT('',(-2.94295906067277E-05,-0.000337653931023967,0.0075));
#4911=CARTESIAN_POINT('',(-0.0407044295906067,-0.040012653931024,0.0075));
#4912=CARTESIAN_POINT('',(-0.0407044295906067,-0.040012653931024,0.0075));
#4913=CARTESIAN_POINT('',(-0.0382044295906067,-0.040012653931024,0.0075));
#4914=CARTESIAN_POINT('',(-0.0382044295906067,-0.040012653931024,0.0075));
#4915=CARTESIAN_POINT('',(-0.0382044295906067,-0.042512653931024,0.0075));
#4916=CARTESIAN_POINT('',(-0.0382044295906067,-0.042512653931024,0.0075));
#4917=CARTESIAN_POINT('',(-2.94295906067277E-05,-0.000337653931023967,0.0075));
#4918=CARTESIAN_POINT('',(-0.0412044295906067,0.0403373460689761,0.0075));
#4919=CARTESIAN_POINT('',(-0.0392044295906067,0.0403373460689761,0.0075));
#4920=CARTESIAN_POINT('',(-0.0392044295906067,0.0403373460689761,0.0075));
#4921=CARTESIAN_POINT('',(-0.0412044295906067,0.0403373460689761,0.0075));
#4922=CARTESIAN_POINT('',(-0.0392044295906067,0.042337346068976,0.0075));
#4923=CARTESIAN_POINT('',(-0.0392044295906067,0.042337346068976,0.0075));
#4924=CARTESIAN_POINT('',(-2.94295906067277E-05,-0.000337653931023967,0.0075));
#4925=CARTESIAN_POINT('',(-0.04540411,0.047,0.013002));
#4926=CARTESIAN_POINT('',(0.04540411,0.047,0.013002));
#4927=CARTESIAN_POINT('',(0.04540411,-0.047,0.013002));
#4928=CARTESIAN_POINT('',(-0.04540411,-0.047,0.013002));
#4929=CARTESIAN_POINT('',(-0.03640411,0.048668673034488,0.01));
#4930=CARTESIAN_POINT('',(-0.01640411,0.048668673034488,0.01));
#4931=CARTESIAN_POINT('',(0.,0.,0.01));
#4932=MECHANICAL_DESIGN_GEOMETRIC_PRESENTATION_REPRESENTATION('',(#3078),#4934);
#4933=MECHANICAL_DESIGN_GEOMETRIC_PRESENTATION_REPRESENTATION('',(#3079),#4935);
#4934=(
GEOMETRIC_REPRESENTATION_CONTEXT(3)
GLOBAL_UNCERTAINTY_ASSIGNED_CONTEXT((#4936))
GLOBAL_UNIT_ASSIGNED_CONTEXT((#4942,#4940,#4938))
REPRESENTATION_CONTEXT('Part 2','TOP_LEVEL_ASSEMBLY_PART')
);
#4935=(
GEOMETRIC_REPRESENTATION_CONTEXT(3)
GLOBAL_UNCERTAINTY_ASSIGNED_CONTEXT((#4937))
GLOBAL_UNIT_ASSIGNED_CONTEXT((#4943,#4941,#4939))
REPRESENTATION_CONTEXT('Part 1','TOP_LEVEL_ASSEMBLY_PART')
);
#4936=UNCERTAINTY_MEASURE_WITH_UNIT(LENGTH_MEASURE(1.E-08),#4942,'DISTANCE_ACCURACY_VALUE','Maximum Tolerance applied to model');
#4937=UNCERTAINTY_MEASURE_WITH_UNIT(LENGTH_MEASURE(1.E-08),#4943,'DISTANCE_ACCURACY_VALUE','Maximum Tolerance applied to model');
#4938=(
NAMED_UNIT(*)
SI_UNIT($,.STERADIAN.)
SOLID_ANGLE_UNIT()
);
#4939=(
NAMED_UNIT(*)
SI_UNIT($,.STERADIAN.)
SOLID_ANGLE_UNIT()
);
#4940=(
NAMED_UNIT(*)
PLANE_ANGLE_UNIT()
SI_UNIT($,.RADIAN.)
);
#4941=(
NAMED_UNIT(*)
PLANE_ANGLE_UNIT()
SI_UNIT($,.RADIAN.)
);
#4942=(
LENGTH_UNIT()
NAMED_UNIT(*)
SI_UNIT($,.METRE.)
);
#4943=(
LENGTH_UNIT()
NAMED_UNIT(*)
SI_UNIT($,.METRE.)
);
#4944=PRODUCT_DEFINITION_SHAPE('','',#4946);
#4945=PRODUCT_DEFINITION_SHAPE('','',#4947);
#4946=PRODUCT_DEFINITION('','',#4950,#4948);
#4947=PRODUCT_DEFINITION('','',#4951,#4949);
#4948=PRODUCT_DEFINITION_CONTEXT('',#4962,'design');
#4949=PRODUCT_DEFINITION_CONTEXT('',#4963,'design');
#4950=PRODUCT_DEFINITION_FORMATION_WITH_SPECIFIED_SOURCE('','',#4954,.NOT_KNOWN.);
#4951=PRODUCT_DEFINITION_FORMATION_WITH_SPECIFIED_SOURCE('','',#4955,.NOT_KNOWN.);
#4952=PRODUCT_RELATED_PRODUCT_CATEGORY('','',(#4954));
#4953=PRODUCT_RELATED_PRODUCT_CATEGORY('','',(#4955));
#4954=PRODUCT('Part 2','Part 2','Part 2',(#4958));
#4955=PRODUCT('Part 1','Part 1','Part 1',(#4959));
#4956=PRODUCT_CATEGORY('','');
#4957=PRODUCT_CATEGORY('','');
#4958=PRODUCT_CONTEXT('',#4962,'mechanical');
#4959=PRODUCT_CONTEXT('',#4963,'mechanical');
#4960=APPLICATION_PROTOCOL_DEFINITION('international standard','ap242_managed_model_based_3d_engineering',2020,#4962);
#4961=APPLICATION_PROTOCOL_DEFINITION('international standard','ap242_managed_model_based_3d_engineering',2020,#4963);
#4962=APPLICATION_CONTEXT('managed model based 3d engineering');
#4963=APPLICATION_CONTEXT('managed model based 3d engineering');
ENDSEC;
END-ISO-10303-21;
